layer,source,sentence
Layer_1_Identity,Homepage_About,CONTEC CONTEC Family APSI TXSpace KOR ENG 메뉴 전체보기 메뉴보기 memu close APSI APSI TXSpace TXSpace TEL 042 863 4223 FAX 042 863 4524 E MAIL info contec.kr ABOUT US 컨텍소개 컨텍소개 컨텍 그룹소개 컨텍 사람들 연혁 파트너 오시는길 문의사항 SOLUTION 지상국 시스템 엔지니어링 지상국 Trun key 솔루션 지상국 운영 소프트웨어 글로벌 지상국 서비스 글로벌 지상국 네트워크 지상국 호스팅 서비스 위성영상 자료처리 광학위성처리 솔루션 레이더 위성처리 솔루션 위성영상 분석 SPACE STUDIO 위성관제 솔루션 위성관제 운영서비스 위성관제 엔지니어링 위성영상 판매 KOMPSAT 위성영상 ICEYE 위성영상 컨텍 오름 위성영상 RECRUIT MEMBERSHIP Membership 맴버쉽 소개 및 가입 뉴스레터 PR CENTER 뉴스 이벤트 행사 Asian Space Park ASP 공시정보 게시판 ISS ABOUT US 컨텍소개 컨텍소개 컨텍 그룹소개 컨텍 사람들 연혁 파트너 오시는길 문의사항 SOLUTION 지상국 시스템 엔지니어링 지상국 Trun key 솔루션 지상국 운영 소프트웨어 글로벌 지상국 서비스 글로벌 지상국 네트워크 지상국 호스팅 서비스 위성영상 자료처리 광학위성처리 솔루션 레이더위성처리 솔루션 위성영상 분석 SPACE STUDIO 위성관제 위성관제시스템 운영서비스 위성관제시스템 엔지니어링 위성영상 판매 KOMPSAT 위성영상 ICEYE 위성영상 컨텍 오름 위성영상 RECRUIT 컨텍 사람들 채용안내 MEMBERSHIP 맴버쉽 소개 맴버쉽 소개 및 가입 뉴스레터 PR CENTER 뉴스 이벤트 행사 Asian Space Park ASP 공시정보 게시판 ISS Awake Your Infinite Potential With CONTEC 컨텍은 우주지상국 서비스 및 위성영상 분야 글로벌 선두 기업입니다.
Layer_1_Identity,Homepage_About,컨텍소개 컨텍 그룹 소개 컨텍 사람들 연혁 파트너 오시는길 문의사항 컨텍소개 메뉴닫기 메뉴열기 컨텍소개 컨텍 그룹 소개 컨텍 사람들 연혁 파트너 오시는길 문의사항 Company Introduction 인사말 우주 스타트업의 생태계 조성을 위해 건전한 기업가 정신 및 첨단 기술을 바탕으로 대한민국의 우주산업을 선도하겠습니다.
Layer_1_Identity,Homepage_About,컨텍은 2015년 1월 5일 열정과 꿈만으로 설립된 기업입니다.
Layer_1_Identity,Homepage_About,제가 가장 좋아하는 두 개의 단어는 어머니 와 열정 입니다.
Layer_1_Identity,Homepage_About,"이 열정을 품고, 저는 2002년부터 한국항공우주연구원 소속 나로우주센터에서 근무했으며, 한국 우주 프로그램 중 하나인 KSLV 1 프로젝트에도 참여했습니다."
Layer_1_Identity,Homepage_About,"지난날들을 회상해 보면, 다른 우주 산업 선진국들과 비교해 국내 위성 발사 및 활용 핵심기술은 아직 개선할 부분들이 있다고 생각합니다."
Layer_1_Identity,Homepage_About,하지만 저희는 풍부한 경험과 노력을 바탕으로 국내 미래 우주 산업의 무궁무진한 가능성을 열고 있습니다.
Layer_1_Identity,Homepage_About,실제로 저와 컨텍 팀원들은 새로운 도전을 거듭하며 꿈과 열정 이 가진 힘을 몸소 경험하고 있습니다.
Layer_1_Identity,Homepage_About,"컨텍은 앞으로도 더 큰 꿈과 비전을 향해 고객 및 협력사와 함께 나아갈 것이며, 우주 산업계에서 저희의 역할을 잊지 않고 혁신적인 경영 철학을 실천하겠습니다."
Layer_1_Identity,Homepage_About,주 컨텍 Chairman 비전 및 미션 Mission 우리는 모두가 사용할 수 있는 지속 가능한 우주를 만듭니다.
Layer_1_Identity,Homepage_About,Vision 지상분야에서의 토탈 솔루션을 제공하는 세계 유일의 우주 기업으로 성장 Core Value Value 우주 산업의 새로운 가치 추구 Collaboration 국내외 협력을 통한 우주 생태계 활성화 Innovation 혁신적인 우주 기술 개발 Social Responsibility 책임 있는 ESG 경영 실천
Layer_1_Identity,Business_Report_2026,사업의 내용.........................................................................................................................................14 1.
Layer_1_Identity,Business_Report_2026,사업의 개요....................................................................................................................................14 2.
Layer_1_Identity,Business_Report_2026,전문가와의 이해관계....................................................................................................................242 사 업 보 고 서 제 11 기 사업연도 2025년 01월 01일 부터 2025년 12월 31일 까지 금융위원회 한국거래소 귀중 2026년 03월 23일 제출대상법인 유형 주권상장법인 면제사유발생 해당사항 없음 회 사 명 주 컨텍 대 표 이 사 이성희 본 점 소 재 지 대전광역시 유성구 지족로 148번길 5 34 전 화 042 863 4523 홈페이지 http www.contec.kr 작 성 책 임 자 직 책 상무이사 성 명 변재윤 전 화 042 863 4523 전자공시시스템 dart.fss.or.kr Page 1 대표이사 등의 확인 전자공시시스템 dart.fss.or.kr Page 2 I.
Layer_1_Identity,Business_Report_2026,설립일자 당사는 우주산업 Downstream에서 요구되는 모든 솔루션을 제공하기 위한 목적으로2015년 01월 05일에 설립되었습니다.
Layer_1_Identity,Business_Report_2026,"주요 사업의 내용 컨텍 및 종속회사들은 우주산업의 업스트림과 다운스트림 전 영역을 아우르는 풀 버티컬 체 인을 완성하였으며, 이에 차별화된 경쟁력으로 다양한 솔루션을 제공하고 있습니다."
Layer_1_Identity,Business_Report_2026,"우선, 다 운스트림 분야에서는 지상국 안테나 및 모뎀 제작부터 관제 임무를 지원하는 지상시스템 개 발, 지상국 시스템 엔지니어링 구축, 위성과 지상국간의 데이터 송수신 서비스를 제공하는 GSaaS 네트워크 솔루션, 위성 원본 영상 데이터를 전 후 처리하여 표준영상으로 생성하는 품질보정 솔루션과 AI 딥러닝을 통한 위성영상 분석 솔루션을 제공하고 있습니다."
Layer_1_Identity,Business_Report_2026,"그리고 위성통신 단말기를 제조하여 UAE 및 유럽에 대규모 납품을 진행중인 동시에 사막이나 바다 등의 오지에서도 통신이 가능한 위성통신 서비스를 제공함으로써 B2G, B2B를 넘어 B2C까지 사업 영역을 확대하고 있습니다."
Layer_1_Identity,Business_Report_2026,위 각호에 관련된 부대사업 전자공시시스템 dart.fss.or.kr Page 4 아.
Layer_1_Identity,Business_Report_2026,최대주주의 변동 1 주 컨텍 당사는 공시대상기간 중 해당사항 없습니다.
Layer_1_Identity,Business_Report_2026,회사의 업종 또는 주된 사업의 변화 1 주 컨텍 당사는 공시대상기간 중 해당사항 없습니다.
Layer_1_Identity,Business_Report_2026,"2 주요 종속회사 에이피위성 주 의 주요 목적사업은 인공위성 및 인공위성 관련부품, 위성통신단말기의 개발 및 제조 이며, 2024년 07월 26일 기준으로 주식회사 컨텍과 에이피위성 주식회사 간의 주 2022.03.30 정기주총 사외이사 강민수 사외이사 신아람 사임 2022.06.10 임시주총 감사 신창호 2022.08.26 임시주총 사외이사 신아람 사내이사 서동춘 사내이사 이재원 감사 정성호 감사 신창호 등기해제 사내이사 권오성 사임 2023.03.28 정기주총 대표이사 이성희 2023.05.25 임시주총 사외이사 김재현 사외이사 곽수영 사외이사 신아람 사임 사외이사 강민수 사임 2025.03.28 정기주총 사내이사 이재원 사내이사 서동춘 감사 정성호 기준일 2025년 12월 31일 회사명 최종변경일 대표이사 사내이사 기타비상무이사 사외이사 감사 에이피위성 주 2024.07.26 이성희 이성희 서동춘 최차규 정헌주 유경호 기준일 2025년 12월 31일 구분 회사명 주주 지분율 최대주주 여부 1 에이피위성 주 주 컨텍 24.72 최대주주 전자공시시스템 dart.fss.or.kr Page 6 식 양수 거래로 인하여 주요종속회사에 편입되었습니다."
Layer_1_Identity,Business_Report_2026,"그 밖에 경영활동과 관련된 중요한 사항의 발생내용 회사명 업종 주요 사업 에이피위성 주 통신장비의 개발, 제작, 판매, 임대 및 서비스업 인공위성 및 인공위성 관련부품의 제조 및 판매업 전자, 전기, 통신, 기계 제품 및 그 부품의 제작, 판매, 임대 및 서비스 업 주파수를 할당 받아 제공하는 역무에 해당하는 위성서비스 기간통신사 업 년도 월 내 용 2025년 8월 첨단기술기업 지정 1월 청년일자리 강소기업 선정 2024년 12월 가족친화기업 인증 유망중소기업 인증 11월 해외직접수출계약 체결 225억원 06월 AP위성 주 인수 05월 발명의 날 대통령 표창 수상 04월 TXSpace 미국법인 설립 03월 컨텍 자체위성 오름 SAT 발사 성공 2023년 11월 코스닥시장 상장 05월 기술특례상장을 위한 기술평가 A 등급 획득 한국발명진흥회, 한국평가데이 터 02월 기술혁신형 중소기업 이노비즈 인증 01월 다목적실용위성 판매대행업체 선정 01월 경영혁신형 중소기업 메인비즈 인증 2022년 12월 정보통신산업진흥원 원장상 수상 12월 ISO 9001 인증 획득 06월 누리호 KSLV III 성능검증위성 발사 운용 지원 06월 425 지상체구축 사업 참여 06월 Series C 610억원 투자유치 완료 01월 방산관련 업체 등록 2021년 12월 대한민국 벤처창업진흥 유공포상 산업포장 수훈 일자리창출 유공 국무총리 표창 10월 CONTEC 위성 16U 초소형위성, 23년 3분기 발사 개발 계약체결 07월 비밀특례 업체 지정, 국방 사업 참여 업체등록 03월 Series B 120억원 투자유치 완료 전자공시시스템 dart.fss.or.kr Page 7 3."
Layer_1_Identity,Business_Report_2026,자기주식 보유현황 최근 사업연도말 기준으로 발행주식총수의 1 이상 자기주식을 보유시 작성대상으로 개정 되어 개정전 5 이상 당기말부터 작성대상에 해당합니다.
Layer_1_Identity,Business_Report_2026,"자기주식 취득 처분 소각 관련 장기 계획 당사는 관련 법령에 근거해 장기적으로 자기주식을 활용한 소각, 처분 및 임직원 보상 등 다 양한 방법을 검토 중에 있으나 본 보고서 제출일 현재 구체적으로 정해진 내용은 없습니다."
Layer_1_Identity,Business_Report_2026,"정관의 이력 본 사업보고서에 첨부된 정관의 최근 개정일은 2024년 8월 2일이며, 2026년 3월 31일 개최 되는 정기주주총회 안건에는 아래와 같은 정관 변경 안건이 포함되어 있습니다."
Layer_1_Identity,Business_Report_2026,사업목적 현황 2020.10.27 제 6기 임시주주총회 1.
Layer_1_Identity,Business_Report_2026,"이사의 직무, 이사의 보수와 퇴직금 신설 전자주주총회 도입 상법개정 반영 회사의 영업상 정비 구 분 사업목적 사업영위 여부 1 연구개발용역업 영위 2 소프트웨어 개발 및 공급업 영위 3 하드웨어 개발 및 공급업 영위 4 유 무선 시스템 설계, 통합 SE 및 유지보수업 영위 5 위성 및 위성발사체 지상운용 서비스업 영위 6 위 각호에 관련된 무역 중개업 영위 7 정보통신공사업 영위 8 학술연구용역업 영위 9 전시,컨벤션 및 행사 대행업 영위 10 기타 무선 통신장비 제조업 영위 11 유선 통신장비 제조업 영위 12 건물 시설 관리용역업 영위 13 무선 및 위성 통신업 영위 14 통신판매업 영위 15 부동산 임대 및 공급업 영위 전자공시시스템 dart.fss.or.kr Page 12 16 위 각호에 관련된 부대사업 영위 전자공시시스템 dart.fss.or.kr Page 13 II."
Layer_1_Identity,Business_Report_2026,"주요 제품 매출액 및 매출비중 연결기준 Full Vertical Chain Solution 구분 주요 제품 개요 Downstream 위성 안테나 제조 위성의 관제 및 데이터를 송수신하기 위한 위성 안테나, RF 시스템 및 기반설비를 저궤도 및 정지궤도 같은 다양한 형태 의 위성들과 교신하기 위해 개발, 설계 및 제조 지상국 설계, 구축, 운용 국내 유일의 상용 민간 우주 지상국을 보유하고 있으며 고객 이요청하는 지상국을 턴키로 납품하고 이를 바탕으로 세계 최고 수준의 고객 편의성과 운용 안정성을 제공 또한 위성과 지상국간의 데이터 송수신하는 GSaaS Ground station as a service 서비스 제공 위성영상 처리, 분석 위성영상 판매 위성영상 데이터 전처리를 통해 표준영상을 생성하고 영상 분석 활용이 모두 가능한 토탈 솔루션 제공 또한 항공우주연 구원의 KOMPSAT 위성 및 컨텍 자체위성 오름샛 위성을 통 해 위성영상 판매서비스 제공 Upstream 인공위성 및 부분품 개발 국가우주개발사업에 참여하여 위성 본체 체계 개발, 위성 탑 재체 국산화 개발, 위성시험용 EGSE 국산화 개발 위성통신단말기 위성휴대폰 HAND HELD TERMINAL , M2M Machine to Machine , 협대역 단말기 NARROWBAND , 광대역 단말기 BROADBAND 등 다양한 형태의 위성통신용 단말기를 연구 개발 및 판매 단위 백만원 구분 매출유형 2025연도 제11기 2024연도 제10기 2023연도 제9기 매출액 비율 매출액 비율 매출액 비율 Downstream 지상국 시스템 27,258 31.37 24,022 34.82 12,989 82.14 위성영상 시스템 11,566 13.31 5,425 7.86 1,978 12.51 Upstream 위성통신단말기 27,888 32.09 17,608 25.52 인공위성 및 부분품 개발 19,925 22.93 21,840 31.66 기타 기타 262 0.30 88 0.13 847 5.35 매 출 총 계 86,898 100.00 68,983 100.00 15,814 100.00 전자공시시스템 dart.fss.or.kr Page 14 주 상기 내용은 연결재무제표 기준으로 작성하였습니다."
Layer_1_Identity,Business_Report_2026,"주요 제품에 대한 내용 1 지상국 시스템 가 지상국 시스템 엔지니어링 솔루션 당사는 발사체 재사용, 발사체 부품의 소형화 및 표준화, 초소형 위성의 출현 등으로 대표되 는 민간 주도의 New Space 시대가 도래하면서 다양한 분야에서 민간에서 운용하는 위성의 수가 급증하였습니다."
Layer_1_Identity,Business_Report_2026,이러한 국내외 지상국 수요에 대응하여 지상국 시스템 엔지니어링 솔루션을 제공하고 있습 니다.
Layer_1_Identity,Business_Report_2026,"이러한 솔루션을 통해 저궤도 및 정지궤도 등 다양한 형태의 위성들과 교신하기 위해 필요한 지상 시스템의 설치 및 운영과 관련된 기본적인 공간적인 환경분석부터 안테나 및 RF 송수신 시스템 설계, 시스템 구축, 시스템 통합 제어 SW 등 통합적인 솔루션을 제공하고 있습니다."
Layer_1_Identity,Business_Report_2026,당사는 지상국에 가장 큰 부분을 차지하는 위성 관제 데이터 송수신 안테나에 대해 자체 생 산시설을 구축하고 있어 향후 고객에게 지상국 납품시 Turn Key 솔루션 형태의 100 인 하우스 방식으로 고객에게 직접 납품함으로써 상당한 원가 절감이 이루어질 것으로 예상하 고 있습니다.
Layer_1_Identity,Business_Report_2026,나 GSaaS 네트워크 솔루션 당사는 2020년 제주도 지상국을 통해 아시아 최초의 민간 지상국 보유기업으로써 국내 유일 의 상업용 지상국 서비스를 시작했습니다.
Layer_1_Identity,Business_Report_2026,"이후 당사는 국내외 주요 지점에 우주 지상국을 구축하여 글로벌 지상국 네트워크를 구축하였으며, 고객의 위성으로부터 데이터를 수신해 전달하는 위성 데이터 Delivery 서비스부터 지상국의 원격 통합 운용, 위성 수신 신호 분석, 지상국 이상 탐지 등의 기능을 탑재하여 지상국 서비스를하나의 솔루션으로 제공하고 있습 니다."
Layer_1_Identity,Business_Report_2026,당사의 GSaaS 네트워크 솔루션 이용 고객들은 지상국 통합 운영 소프트웨어를 통해 전 세계 에 위치한 당사의 글로벌 지상국 네트워크를 마치 자신들의 지상국처럼 손쉽고 편리하게 이 용하여 보유 위성들을 관리할 수 있으며 웹 기반의 사용자 중심 인터페이스를 통해 손쉽게 지상국 서비스를 사용할 수 있습니다.
Layer_1_Identity,Business_Report_2026,당사는 이러한 인터페이스적 장점을 통해 기존 사업자 대비 접근성을 확보하여 고객층을 확장해 나가고 있습니다.
Layer_1_Identity,Business_Report_2026,"2 위성영상 시스템 가 위성영상 생성을 위한 데이터 처리 솔루션 당사는 위성영상 생성을 위한 데이터 처리 솔루션을 통해 당사의 고객이 위성으로부터 수신 한 원시데이터의 품질을 개선하고 활용 가능한 표준 영상을 생성하기 위한 서비스를 제공하 고 있으며, 위성영상 검보정, 표준영상 고속 생성, 정밀정사보정, 영상 융합 기능 등을 제공하 고 있습니다."
Layer_1_Identity,Business_Report_2026,당사는 이러한 원시데이터의 전자공시시스템 dart.fss.or.kr Page 15 왜곡을 보정하여 활용 가능한 형태인 표준 영상으로 생성하고 이를 활용하여 데이터를 처리 서비스까지의 통합 솔루션 서비스를 제공하고 있습니다.
Layer_1_Identity,Business_Report_2026,"따라서 당사는 현재 제공하고 있는 위성영상 데이터 처리 서비스에 대한 고 도화를 진행함과 동시에 정밀 복사보정, 연무 제거 등과 같은 고도화된 서비스 솔루션 기능 또한 개발해 나가고 있습니다."
Layer_1_Identity,Business_Report_2026,"나 Value Added 위성영상 분석 솔루션 당사의 Value Added 위성영상 분석 솔루션은 위성영상이 가진 다양한 정보에 대해 공간객 체 탐지, 공간영상 분할, 변화 탐지 등 AI Deep Learning에 기반한 기술들을 적용하여 고객 의 요구사항에 맞춰 제공해주는 위성영상 분석 솔루션입니다."
Layer_1_Identity,Business_Report_2026,"당사는 위성영상 활용 분야의 경우 위성영상을 확보하기 어렵고 위성영상 활용 관련 SW의 라이선스 비용이 높으며, 영상처리 알고리즘이 매우 복잡하고 정확한 결과를 도출하는데 요 구되는 메타데이터가 너무 많다는 점으로 인해 고객들이 위성영상 활용 솔루션을 이용하는 데 어려움을 겪고 있다는 점에 착안하여 위성영상 활용 솔루션 서비스를 개발하였습니다."
Layer_1_Identity,Business_Report_2026,"당사는 전자광학 EO 위성 뿐만 아니라 영상레이더 SAR 위성 및 국내 항공우주연구원의 KOMPSAT 위성, 당사 자체 위성을 통해 영상을 공급 판매하고 있습니다."
Layer_1_Identity,Business_Report_2026,"이와 더불어 도시 관리, 항만관리, 농업 모니터링, 산불감시 등 의사결정 지원을 위한 다수의 솔루션을 제공하 고 있으며, 전국 지차체는 물론 다양한 정부 기관에 해당 솔루션을 공급한 바 있습니다."
Layer_1_Identity,Business_Report_2026,또한 향후 늘어날 이러한 위성 영상 솔루션에 대한 고객 수요를 충족시키고 서비스 확장을 위해 고객 맞춤 공급형 솔루션 외에도 구독형 플랫폼 형태로 위성 영상 활용 서비스 솔루션 제품을 확장하여 다양한 고객들이 손쉽게 위성활용 서비스를 이용할 수 있도록 사업을 확장 해 나갈 계획입니다.
Layer_1_Identity,Business_Report_2026,3 위성통신단말기 종속회사의 위성통신단말기는 글로벌 위성 사업자인 UAE 소재의 THURAYA 및 영국 소 재의 Inmarsat 기업을 핵심 고객으로 확보하고 있습니다.
Layer_1_Identity,Business_Report_2026,"이를 기반으로 현재 유럽, 아프리 카, 중동 및 아태지역을 아우르는 글로벌 시장 전역에 단말기 공급 및 이동위성통신서비스를 제공하고 있습니다."
Layer_1_Identity,Business_Report_2026,"휴대폰 형태의 단말기인 위성휴대폰 HANDHELD , M2M Machine to Machine 및 협대역 NARROWBAND 단말기는 별도의 부가장치 없이 고속이동 중에도 음 성통신 및 저속 low data rate 의 데이터 통신이 가능하며, 광대역 BROADBAND 단말기는 단말기의 움직에 맞추어 인공위성의 자동추적이 가능한 별도의 선박용 및 자동차 전용의 트 래킹 tracking 안테나를 부착하는 경우 이동하는 선박및 자동차에서도 고속 high data rate 의 데이터 통신이 가능하여 위성통신단말기 시장의 피봇팅을 통한 다양한 사업 확대가 예상됩니다."
Layer_1_Identity,Business_Report_2026,"4 인공위성 본체 및 부분품 개발 전자공시시스템 dart.fss.or.kr Page 16 종속회사는 수년 간 다목적 실용위성사업으로 대표되는 국가우주개발사업에 참여하여, 위성 본체 체계 개발, 위성 탑재체 국산화 개발, 위성시험용 EGSE 국산화 개발, 위성AIT 센터 구 축 등 다양한 우주기술의 국산화를 위해 많은 노력을 기울여 왔으며, 우주항공분야에서 선진 기술의 국산화와 기술혁신에 끊임없이 도전하여, 국가 우주항공 개발 사업에 기여하고, 전자, 자동차, 조선 등과 같이 우주항공분야가 우리나라를 대표하는 산업분야로 발전하는데 기여 하고 있습니다."
Layer_1_Identity,Business_Report_2026,"주요 제품의 가격변동 추이 당사의 솔루션 제품은 고객의 요청에 따라 구성을 달리하여 납품하는 것으로 프로젝트의 규 모 및 수주기간, 투입 인원에 따라 금액이 변동되는 특성을 가지고 있어, 가격변동추이 산정 이 어려운 상황이며 위성통신단말기는 제품의 사양과 기능에 따라 차이가 있으나 300 500 수준의 안정적인 가격으로 유지, 인공위성 및 부분품의 개발비는 정부지원 예산 범위 내에서 적절하게 책정하고 있습니다."
Layer_1_Identity,Business_Report_2026,"원재료 가격변동 추이 당사는 고객사의 주문에 의해 납품하는 수주방식이며, 제품 사이즈를 비롯하여 스펙 사양이 다양합니다."
Layer_1_Identity,Business_Report_2026,"주요 원재료 매입처 당사 제품의 주요 원재료는 안테나 및 지상국 시스템 장비로 국내 및 해외 업체들로부터 원 재료 공급의 안정성을 확보하고 있으며, 위성영상 데이터 처리 및 활용 분석 사업의 경우 원 재료에 관하여 해당 사항이 없습니다."
Layer_1_Identity,Business_Report_2026,생산설비에 관한 사항 당사는 별도의 생산 시설에 생산 활동을 진행하지 않기에 생산 설비를 가지고 있지 않습니다 .
Layer_1_Identity,Business_Report_2026,"당사는 서비스를 제공하기 위하여, 사무실 및 글로벌 지상국 등을 보유하고 있으며 아래의 표는 당사의 유형자산 보유현황입니다."
Layer_1_Identity,Business_Report_2026,"향후 투자 계획 당사는 국내외 위성 수신 서비스 지원을 위한 지상국 추가 구축 OGS 지상국 포함 및 우주상 황인식 서비스 고도화를 위한 지상국 구축 그리고 위성 발사 및 운영 등에 투자가 진행될 예 단위 백만원 구 분 취득가액 감가상각누계액 정부보조금 손상차손누계액 장부금액 토지 16,202 16,202 건물 8,295 3,125 5,170 구축물 163 3 160 기계장치 1,799 812 35 952 차량운반구 76 40 36 시설장치 633 216 417 비품 5,488 2,704 259 2,525 지상국 12,573 3,436 9,137 건설중인유형자산 21,469 281 1,070 20,118 기타의유형자산 8,218 7,819 399 합계 74,916 18,155 575 1,070 55,116 전자공시시스템 dart.fss.or.kr Page 18 정입니다."
Layer_1_Identity,Business_Report_2026,"위성통신 단말기의 국내 매출은 소비자에게 공급, 수출의 경우 위성통신사업자에게 직 접 공급되고 있습니다."
Layer_1_Identity,Business_Report_2026,또한 위성사업부문의 매출은 전부 국내에서 발생하며 대부분 정부기 관의 개발용역으로 발생되는 매출입니다.
Layer_1_Identity,Business_Report_2026,"주요 매출처 단위 백만원 매출유형 품 목 2025연도 2024연도 2023연도 제11기 제10기 제9기 금액 금액 금액 제품 지상국 시스템 엔지니어링 솔루션 등 수출 8,874 6,337 1,045 내수 18,384 17,685 9,576 위성통신단말기 수출 25,979 17,574 내수 1,909 33 용역 위성영상 생성을 위한 데이터 처리 솔루션 등 수출 4,118 96 618 내수 7,448 5,330 4,575 위성관련 개발 용역 수출 1,669 4,035 내수 18,256 17,805 상품 수출 160 내수 102 88 합 계 수출 40,799 28,042 1,663 내수 46,099 40,941 14,151 합계 86,898 68,983 15,814 2025년 12월 31일 기준 단위 백만원 전자공시시스템 dart.fss.or.kr Page 19 주 고객명 일부는 영업기밀에 해당되어 구체적으로 기재하지 않았습니다."
Layer_1_Identity,Business_Report_2026,"시장위험과 위험관리 당사는 여러 활동으로 인하여 시장위험 외환위험, 현금흐름및 공정가치 이자율위험 ,신용위 험 및 유동성 위험과 같은 다양한 금융 위험에 노출되어 있습니다."
Layer_1_Identity,Business_Report_2026,"파생상품 및 풋백옵션 등 거래 현황 당사는 파생상품의 계약에 따라 발생된 권리와 의무를 공정가액으로 평가하여 자산과 부채 로 계상하고, 동 계약으로부터 발생한 손익은 발생 시점에 당기손익으로 인식하고 있습니다."
Layer_1_Identity,Business_Report_2026,"다만, 요건을 충족한 현금흐름위험회피와 해외사업장에 대한 순투자에 대한 위험회피금액은 자본항목으로 이연하고 있습니다."
Layer_1_Identity,Business_Report_2026,경영상의 주요계약 등 당사는 보고서 제출일 현재 해당사항이 없습니다.
Layer_1_Identity,Business_Report_2026,"연구개발 활동 1 연구개발 조직 당사는 2개의 위성기술사업본부, 위성임무 SW 본부의 연구개발 전담조직을 두고 있으며 이 중 연구개발 인력의 약 30 가 석박사 학위 취득자로, 대부분 사업과 관련된 전파공학, 컴퓨 터공학 및 우주공학 분야를 전공하여 전문 기술적 노하우를 보유한 인력으로 구성되어 있습 니다."
Layer_1_Identity,Business_Report_2026,"연구개발 수행실적 1 진행 완료 과제 단위 명 구분 박사 석사 학사 기타 소계 인원수 4 16 46 7 73 단위 백만원 구분 2025연도 제11기 2024연도 제10기 2023연도 제9기 연구비 경상연구개발비 4,515 6,777 3,444 프로젝트 연구비 7,382 2,349 정부출연금 3,123 2,820 607 연구비 합계 7,638 16,979 6,400 매출액 86,898 68,983 15,458 매출액대비 비율 9 25 41 전자공시시스템 dart.fss.or.kr Page 21 2 진행중인 과제 사업명 주관부서 연구기간 비고 중소기업기술혁신개발사업 시장대응형 우주지상국 통합 운용을 위한 이상탐지 및 예측기술 개발 중소벤처기업부 2022.04.01 2024.03.31 종료 모빌리티 소부장 산업전환 지원 위성통신용 지상 안테나 시스템 운용환경 모니터링 시스템 개발 대전세종충남지역 혁신플랫폼 2023.08.11 2024.02.29 종료 대학ICT연구센터지원사업 위성정보 처리 및 융합 서비스 기술 개발 한국연구재단 정보통신기획평가원 2018.06.01 2023.12.31 종료 SW고성장클럽사업 비고성장 사 한국정보통신진흥협회 2022.03.01 2023.11.30 종료 우주개발기반조성 및 성과확산사업 위성활용솔루션 개발을 위한 소프트웨어 개발 지원 한국연구재단 2022.05.01 2023.02.28 종료 기술사업화 역량강화 사업 후속고도화 스마트시티에 적용 가능한 위성영상 기반 변화탐지 기술개발 과학기술정보통신부 연구개발특구진흥재단 2020.09.01 2021.08.31 종료 맞춤형 기술파트너 지원사업 전리권 변화에 따른무선통신 성능분석 및 예측기술 종소벤처기업부 2020.10.26 2021.07.25 종료 데이터바우처지원사업 위성영상 데이터가공 AI 과학기술정보통신부 한국데이터산업진흥원 2020.07.01 2020.11.27 종료 기술이전사업화 사업 BM수립형 R BD 우주 지상국 서비스를 위한 실시간 데이터 통합처리시스템 개발 과학기술정보통신부 연구개발특구진흥재단 2019.05.15 2020.05.14 종료 데이터바우처사업 위성영상 데이터 구매 과학기술정보통신부 한국데이터산업진흥원 2019.05.20 2019.10.18 종료 창업성장 기술개발사업 위성관제 임무 서비스를 위한 다중지상국 운용시스템 개발 중소벤처기업부 창업진흥원 2018.06.29 2019.06.28 종료 창업도약패키지 지원사업 우주 지상국 데이터 수신 처리서비스 중소벤처기업부 2018.07.05 2019.05.04 종료 창업맞춤형사업 연구원창업프로그램 위성발사체및 위성관제 임무를 위한 지상시스템 엔지니어링 구 현 중소벤처기업부 창업진흥원 2014.12.16 2015.12.25 종료 글로벌 선도 우주기업 육성사업 융합R D개발 합성데이터 기반 유사 위성영상 생성 및 Domain Adaptation을 사용한 군타겟 탐지 딥러닝 모델 개발 대전광역시 2022.05.01 2024.11.30 종료 연구개발특구육성사업 특화기술 R BD 초소형 SAR위성의 실시간 정밀 영상처리 및 표준영상 배포 플랫폼 개발 과학기술정보통신부 연구개발특구진흥재단 2023.04.01 2024.12.31 종료 위성정보 빅데이터 활용 국토종합관리 기술개발사업 위성정보 빅데이터 활용 국토종합관리 기술 개발 국토교통부 국토교통과학기술진흥원 2022.04.13 2025.12.31 종료 광학영상 기반 변화탐지 AI 모델 성능향상 방안 연구 한국우주안보학회 2025.03.01 2025.11.30 종료 사업명 주관부서 연구기간 비고 전자공시시스템 dart.fss.or.kr Page 22 7."
Layer_1_Identity,Business_Report_2026,지적재산권 현황 당사는 기술 보호 및 기업의 역량을 펼치기 위해 관련 기술의 특허 출원 및 등록을 지속적으 로 확대하고 있습니다.
Layer_1_Identity,Business_Report_2026,1 지적재산권 세부 현황 초격차 스타트업 1000 프로젝트 국내 우주산업 발전을 위한 혁 신기술개발 및 글로벌 우주기업 도약 중소벤처기업부 2024.04.01 2027.03.31 진행중 초소형위성 개발 및 검증 지원 사업 대전SAT 위성 프로젝트 수행 대전광역시 2024.04.01 2026.12.31 진행중 인공위성용 초고해상도 소형카메라 시제품 및 시험장비개발 산업통상자원부 2024.07.01 2026.12.31 진행중 국내 출원 건 국내 등록 건 해외 출원 건 해외 등록 건 총 특허 건 2 13 15 19 49 No.
Layer_1_Identity,Business_Report_2026,"국가 발명의 명칭 출원번호 출원일 등록번호 등록일 1 KR 안테나의 이득 대 잡음비 계산을 위한 와이팩터 측정 시스 템 및 방법 10 2015 0175227 2015 12 09 10 1742570 2017 05 26 2 KR 지상시스템의 성능검증을 위한 시스템 및 방법 10 2015 0175218 2015 12 09 10 1716863 2017 03 09 3 KR NTP 서버와 NTP 클라이언트 간 시각 동기 상태의 실시간 모니터링 및 분석 장치 10 2016 0081312 2016 06 29 10 1831165 2018 02 14 4 KR 위성영상을 이용한 활용서비스 제공 장치 및 방법 10 2019 0053145 2019 05 07 10 2040702 2019 10 30 5 US 위성영상을 이용한 활용서비스 제공 장치 및 방법 16 835,229 2020 03 30 10,769,768 2020 09 08 6 JP 위성영상을 이용한 활용서비스 제공 장치 및 방법 2021 527168 2021 05 17 7 CA 위성영상을 이용한 활용서비스 제공 장치 및 방법 3,115,188 2019 05 08 3,115,188 2021 11 09 8 CN 위성영상을 이용한 활용서비스 제공 장치 및 방법 201980081912.7 2021 06 10 2019800819127 2023 07 04 9 KR 위성운용 서비스 관리 시스템, 위성운용 서비스 관리 장치 및 위성운용 서비스 관리 방법 10 2019 0053137 2019 05 07 10 2011698 2019 08 12 전자공시시스템 dart.fss.or.kr Page 23 10 US 위성운용 서비스 관리 시스템, 위성운용 서비스 관리 장치 및 위성운용 서비스 관리 방법 16 834,050 2020 03 30 10,892,818 2021 01 12 11 CA 위성운용 서비스 관리 시스템, 위성운용 서비스 관리 장치 및 위성운용 서비스 관리 방법 3,115,184 2019 05 08 3,115,184 2021 09 21 12 JP 위성운용 서비스 관리 시스템, 위성운용 서비스 관리 장치 및 위성운용 서비스 관리 방법 2021 527132 2021 05 17 2021 527132 2022 09 13 13 CN 위성운용 서비스 관리 시스템, 위성운용 서비스 관리 장치 및 위성운용 서비스 관리 방법 201980081911.2 2021 06 10 14 KR 발사체 위성 지상국 SI를 활용한 플랫폼 제공 장치 10 2020 0184777 2020 12 28 10 2273539 2021 06 30 15 US 발사체 위성 지상국 SI를 활용한 위성 영상 플랫폼 제공 장치 17 165,642 2021 02 02 11,010,777 2021 05 18 16 CA 발사체 위성 지상국 SI를 활용한 플랫폼 제공 장치 3,132,553 2023 01 17 3,132,553 2021 09 30 17 JP 발사체 위성 지상국 SI를 활용한 플랫폼 제공 장치 2021 166181 2021 10 08 6985781 2021 11 30 18 CN 발사체 위성 지상국 SI를 활용한 플랫폼 제공 장치 202111219024.2 2021 10 20 19 KR 인공지능 기반의 위성영상을 이용한 교육서비스 제공 방 법 및 장치 10 2020 0184775 2020 12 28 10 2244678 2021 04 20 20 US 인공지능 기반의 위성영상을 이용한 교육서비스 제공 방 법 및 장치 17 165,608 2021 02 02 11,120,263 2021 09 14 21 CA 인공지능 기반의 위성영상을 이용한 교육서비스 제공 방 법 및 장치 3,129,009 2021 08 26 3,129,009 2022 08 30 22 JP 인공지능 기반의 위성영상을 이용한 교육서비스 제공 방 법 및 장치 2021 138366 2021 08 26 6985777 2021 11 30 23 CN 인공지능 기반의 위성영상을 이용한 교육서비스 제공 방 법 및 장치 202111219023.8 2021 10 20 24 KR RF FSO 연계 방법 및 이를 수행하는 지상국 시스템 10 2020 0184774 2020 12 28 10 2262762 2021 06 03 25 US RF FSO 연계 방법 및 이를 수행하는 지상국 시스템 17 165,489 2021 02 02 11,115,119 2021 09 07 26 JP RF FSO 연계 방법 및 이를 수행하는 지상국 시스템 2021 138288 2021 08 26 6990950 2021 12 09 27 CA RF FSO 연계 방법 및 이를 수행하는 지상국 시스템 3,129,005 2021 08 26 3,129,005 2022 08 23 28 CN RF FSO 연계 방법 및 이를 수행하는 지상국 시스템 202111219036.5 2021 10 20 2021112190365 2023 01 11 29 KR 위성영상을 활용한 재난재해 대응 시스템 10 2022 0064593 2022 05 26 30 US 위성영상을 활용한 재난재해 대응 시스템 17 929,445 2022 09 02 31 EP 위성영상을 활용한 재난재해 대응 시스템 22193233.8 2022 08 31 4283569 2025 10 01 전자공시시스템 dart.fss.or.kr Page 24 나."
Layer_1_Identity,Business_Report_2026,"시장여건 및 영업의 개황 당사는 우주산업 Upstream Downstream 분야의 우주 지상국 설계, 구축, 운용부터 위성 데이터수신, 처리, 분석 활용, 위성통신단말기 개발 판매, 인공위성 및 부분품 개발이 모두 가 능한 토탈 솔루션을 제공하는 유일의 회사입니다."
Layer_1_Identity,Business_Report_2026,"32 KR 위성정보활용 분석시스템 및 그 동작 방법 10 2022 0072527 2022 06 15 10 2626830 2024 01 15 33 US 위성정보활용 분석시스템 및 그 동작 방법 17 929,462 2022 09 02 34 EP 위성정보활용 분석시스템 및 그 동작 방법 22193648.7 2022 09 02 35 KR 이벤트 위성영상 생성 장치 및 방법 10 2022 0078058 2022 06 27 10 2583739 2023 09 22 36 US 이벤트 위성영상 생성 장치 및 방법 18 058,825 2022 11 25 37 EP 이벤트 위성영상 생성 장치 및 방법 22209042.4 2022 11 23 38 KR 클라우드 기반의 위성정보 수신처리 장치 및 방법 10 2022 0078063 2022 06 27 10 2574492 2023 08 30 39 US 클라우드 기반의 위성정보 수신처리 장치 및 방법 18 058,842 2022 11 25 12489522 2025 12 02 40 EP 클라우드 기반의 위성정보 수신처리 장치 및 방법 22209033.4 2022 11 23 41 KR 지반 침하 위험도 예측에 근거한 안전 영역 및 위험 영역 분석 서비스 제공을 위한 방법 및 시스템 10 2022 0158714 2022 11 23 10 2589541 2023 10 11 42 KR 위성영상을 활용한 해양폐기물 처리장치 10 2022 0158322 2022 11 23 43 PCT 위성영상을 활용한 해양폐기물 처리장치 PCT KR2022 018718 2022 11 24 44 KR 멀티벤더 지상국 통합제어 시스템 10 2022 0163834 2022 11 30 10 2589066 2023 10 10 45 PCT 멀티벤더 지상국 통합제어 시스템 PCT KR2022 019186 2022 11 30 46 EU 위성영상을 활용한 해양폐기물 처리장치 22908822.4 2023 06 28 12545369 2026 02 10 47 US 위성영상을 활용한 해양폐기물 처리장치 18 345,685 2023 06 30 48 EU 멀티벤더 지상국 통합제어 시스템 22908823 2023 06 28 49 US 멀티벤더 지상국 통합제어 시스템 18 345,716 2023 06 30 전자공시시스템 dart.fss.or.kr Page 25 1 Downstream 주요 사업 위성제조, 발사서비스, 위성운용, 지상국, 위성서비스 등에서 향후 가장 큰 시장규모를 형성 하는 부분은 위성데이터 활용, 사용자 서비스를 위한 단말기와 관련된 다운스트림 영역으로 업스트림 대비 큰 증가가 전망됩니다."
Layer_1_Identity,Business_Report_2026,"상기에서 언급된 상용분야 중에서도 당사의 주력제품 이 서비스를 제공하고 있는 지상국, 데이터수신, 서비스 분야의경우에는 다른 분야보다 시장 규모도 크고, 향후 시장 규모의 성장도 가장 주목할 만한 증가를 예상하고 있습니다."
Layer_1_Identity,Business_Report_2026,"또한 지구관측분야에서 가장 큰 시장을 차지하는 데이터와 위성영상활용 서비스 시장의 경 우에는 여전히 국방수요가 가장 큰 시장을 형성하고 있지만, 성장성을 분석했을 때는 금융과 관련한 시장이나 에너지, 국가인프라, 해양 등의 시장규모 성장이 가장 큰 증가를 이어갈 것 으로 예상하고 있습니다."
Layer_1_Identity,Business_Report_2026,"Euroconsult 자료에 근거하면, 2030년까지 전세계 우주시장의 규모는 지속적으로 성장하여 당사가 주력 사업분야인 Downstream에 대한 부문의 시장성장이 Upstream 부문보다 두드 러질 것으로 예상하고 있습니다."
Layer_1_Identity,Business_Report_2026,이러한 예상과 더불어 이전까지 우 주산업이 공공분야의 발주를 통한 연구개발 사업이 주를 이루는 형태에서 민간 산업 분야의 직접적으로 활용하는 분야와 이를 지원하는 사용자단말기 시장의 확대로 이어질 것이라는 예측이 지배적입니다.
Layer_1_Identity,Business_Report_2026,"당사의 사업영역 또한 Downstream에 중점을 두고 있기에,향후에는 우주시장에서 가장 큰 규모인 서비스공급 분야인 위성데이터 활용과 같은 Value Added Service 분야에서의 성 장과 더불어 매출영역을 차지할 것으로 판단하고 있습니다."
Layer_1_Identity,Business_Report_2026,"2 Upstream 주요 사업 가 위성통신 단말기 산업 종속회사의 주요 제품은 위성통신단말기이며, 글로벌 위성 사업자인 UAE 소재의 THURAYA 및 영국 소재의 Inmarsat 기업을 핵심 고객으로 확보하고 있습니다."
Layer_1_Identity,Business_Report_2026,"이를 기반 으로 현재 유럽, 아프리카, 중동 및 아태지역을 아우르는 글로벌 시장 전역에 단말기 공급 및 이동위성통신서비스를 제공하고 있습니다."
Layer_1_Identity,Business_Report_2026,"C, Ku 및 Ka 대역 대비 상대적으로 좁은 주파수 대역의 L 또는 S 대역을 사용하고 있을 뿐 아니라 가 능한 많은 수의 가입자를 대상으로 위성통신 서비스를제공하기 위해 주로 음성 및 1 Mbps 이하 저속의 데이터 서비스를 제공하고 있습니다."
Layer_1_Identity,Business_Report_2026,이동위성통신 서비스에는 사업자 고유의 전자공시시스템 dart.fss.or.kr Page 26 서비스를 제공하기 위해 사업자의 판단에 따라 정지궤도 위성망 또는 저궤도 위성망을 구축 하여 사용하고 있습니다.
Layer_1_Identity,Business_Report_2026,"전자인 형 단말기의 경우 휴대폰 형태의 위성휴대폰 satellite phone 과 물류 및 선박, 차 량의 위치추적 및 현황파악이 가능하며, 오일, 가스, 수자원, 전기 등의 상태파악 및 분배를 위한 SCADA Supervisory Control And Data Acquisition 시스템의 인프라 구축에 활용 가능한 M2M Machine to Machine 이 있습니다."
Layer_1_Identity,Business_Report_2026,"나 인공위성 및 부분품 개발 종속회사는 수년 간 다목적 실용위성사업으로 대표되는 국가우주개발사업에 참여하여, 위성 본체 체계 개발, 위성 탑재체 국산화 개발, 위성시험용 EGSE 국산화 개발, 위성 AIT 센터 구 축 등 다양한 우주기술의 국산화를 위해 많은 노력을 기울여 왔으며, 우주항공분야에서 선진 기술의 국산화와 기술혁신에 끊임없이 도전하여, 국가 우주항공 개발 사업에 기여하고, 전자, 자동차, 조선 등과 같이 우주항공분야가 우리나라를 대표하는 산업분야로 발전하는데 기여 하고 있습니다."
Layer_1_Identity,Business_Report_2026,"국내 우주시장 규모는 과기부의 우주개발진흥 시행계획을 통하여 한국형 위성항법시스템 개 발 추진 및 우주개발 인프라 확충, 민간주도 우주산업 육성정책 등의 주요 계획으로 우주 산업 육성에 많은 노력을 기울이고 있습니다."
Layer_1_Identity,Business_Report_2026,경기변동의 특성 및 계절적 요인 등 당사가 영위하고 있는 사업영역 중 아직까지 다수의 수요기관이 정부 또는 공공기관으로 이 뤄져 있어 연 단위로 예산이 배정되고 집행되기 때문에 경기변동에 대한 영향을 크게 받지 않고 있습니다.
Layer_1_Identity,Business_Report_2026,"이러한 위성 발사 및 운용 현황을 고려했을 때, 향후 당사의 주력 기술제품에 대한 시장경쟁 구도의 경우 유사한 영역에서 사업을 수행하는 기존 업체와 신규 업체 간의 경쟁 구도가 아 닌 새롭게 확대되는 시장에 대해 좀 더 높은 접근성과 수용성을 제공하기 위한 협업이 강화 되는 형태로 전개될 것으로 예상됩니다."
Layer_1_Identity,Business_Report_2026,"또한 당사의 또 다른 주력 기술제품인 지상국 시스템 엔지니어링 솔루션의 경우에는 국내외 를 망라하여 세계최고 수준의 관련 세부 요소기술을 보유하고 있기에, 시장경쟁 상황에 대한 경쟁력은 충분하지만, 현재의 지상부문의 시장상황은 경쟁보다는 협업을 통한 고객의 요구 를 충족하는 것에 무게를 두고 있으며, 시장규모가 지속적으로성장할 것으로 예상되는 2030년도까지는 이러한 추세가 이어질 것으로 판단하고 있습니다."
Layer_1_Identity,Business_Report_2026,신규 사업 1 위성관제 군집 위성관제 운용 솔루션 당사는 2024년 3월에 자체개발 위성을 발사하였으며 위성의 관제 서비스 제공을 위해 군집 위성관제 시스템을 개발 중입니다.
Layer_1_Identity,Business_Report_2026,"종래에는 국가 우주임무를 위한 단일 위성이 발사 운용됨 에 있어 단일 위성 관제 솔루션만 필요했지만 New Space 시대가 도래함에 따라 위성 발사 비용의 감소, 위성의 초소형화가 진행됨에 따라 다수의 초소형 군집위성을 발사하여 운용하 는 트렌드가 확대되었습니다."
Layer_1_Identity,Business_Report_2026,당사는 전 세계적으로 군집위성 자동 관제 개념이 국내에 도입되기 전부터 군집위성 관제 시 스템 개발을 위한 연구를 진행해왔습니다.
Layer_1_Identity,Business_Report_2026,2 레이저 기반 광통신 활용 차세대 지상국 네트워크 솔루션 개발 및 구축사업 현재까지 우주 통신의 경우 RF 주파수를 활용한 장거리 통신 기술을 통해 이뤄져 왔습니다.
Layer_1_Identity,Business_Report_2026,"3 광학 기반 우주상황인식 솔루션 전자공시시스템 dart.fss.or.kr Page 29 현재 우주의 지구 궤도상에는 23,000개 이상의 물체들이 추적 관측되고 있을 정도로많은 우 주물체 Debris, RSO 들이 존재하고 있는 것으로 알려져 있으며, 정지궤도위성의 경우 이러 한 우주물체들과의 충돌 가능성이 4년에 1번 정도 발생할 가능성이 있다는 연구 결과도 있을 정도로 이러한 우주물체들로 인한 우주공간 혼잡이 심화되는 추세입니다."
Layer_1_Identity,Business_Report_2026,당사는 당사가 보유한 글로벌 지상국 내에 우주 상황 관측 및 감시를 위한 망원경 공동 설치 와 더불어 당사가 보유한 글로벌 지상국 네트워크 인프라와 연계하여 실시간 관측 및 대응을 위한 시스템 개발을 본격화되어 우주상황인식 시장에서 국내 시장을 선점하고 해외시장까지 사업영역을 확장해 나갈 계획입니다.
Layer_1_Identity,Business_Report_2026,"기타포괄손익 455,602,292 561,742,507 135,498,534 후속적으로 당기손익으로 재분류되지 않는 기타포괄손 익 순확정급여부채의 재측정요소 292,629,242 29,392,497 147,962,763 기타포괄손익 공정가치측정금융자산평가손익 2,936,737 후속적으로 당기손익으로 재분류되는 기타포괄손익 해외사업환산손익 165,909,787 261,106,135 2,382,391 ."
Layer_1_Identity,Business_Report_2026,"주당손익 기본주당이익 손실 단위 원 497.00 1,525 6,221 희석주당이익 손실 단위 원 497.00 1,525 6,221 연결 자본변동표 제 11 기 2025.01.01 부터 2025.12.31 까지 제 10 기 2024.01.01 부터 2024.12.31 까지 제 9 기 2023.01.01 부터 2023.12.31 까지 단위 원 자본 지배기업의 소유주에게 귀속되는 지분 비지배지분 자본 합계 자본금 자본잉여금 자본조정 기타포괄손익누계액 기타자본항목 이익잉여금 지배기업의 소유주에게 귀속되는 지분 합계 2023.01.01 기초자본 482,710,000 1,555,306,788 835,000,000 2,583,975 1,567,563,201 33,706,283,497 30,933,119,533 9,130,412 30,942,249,945 총포괄손익 당기순이익 손실 64,876,416,845 64,876,416,845 9,976,144 64,886,392,989 순확정급여부채의 재측정요소 142,170,207 142,170,207 5,792,556 147,962,763 자본에 직접 인식된 소유주와의 거래 주식보상비용 2,273,983,174 2,273,983,174 2,273,983,174 해외사업환산손익 2,762,387 2,762,387 379,996 2,382,391 유상증자 1,022,222,000 44,503,209,440 45,525,431,440 45,525,431,440 종속기업 유상증자 70,416,509 70,416,509 78,067,771 148,484,280 보통주 전환 545,605,000 154,648,867,726 155,194,472,726 155,194,472,726 무상증자 5,141,575,000 5,141,575,000 0 0 0 주식매수선택권 행사 102,546,000 2,119,215,636 1,025,654,839 1,196,106,797 1,196,106,797 전환사채의 발행 전환권대가의 변동 기타포괄손익 공정가치측정금융자산평가손익 기타포괄손익 공정가치측정금융자산평가손익 대체 자본잉여금의 결손보전 자기주식의 취득 자기주식의 처분 515,000,000 835,000,000 1,350,000,000 1,350,000,000 종속기업의 취득 지배력의 변동없는 소유지분변동 2023.12.31 기말자본 7,294,658,000 198,200,024,590 0 5,346,362 2,886,308,045 98,724,870,549 109,661,466,448 52,788,663 109,714,255,111 전자공시시스템 dart.fss.or.kr Page 35 2 4."
Layer_1_Identity,Business_Report_2026,"연결 현금흐름표 2024.01.01 기초자본 7,294,658,000 198,200,024,590 0 5,346,362 2,886,308,045 98,724,870,549 109,661,466,448 52,788,663 109,714,255,111 총포괄손익 당기순이익 손실 22,560,446,239 22,560,446,239 3,432,547,528 19,127,898,711 순확정급여부채의 재측정요소 246,625,241 246,625,241 217,232,744 29,392,497 자본에 직접 인식된 소유주와의 거래 주식보상비용 813,841,877 813,841,877 885,934,953 1,699,776,830 해외사업환산손익 252,039,189 252,039,189 9,066,946 261,106,135 유상증자 종속기업 유상증자 보통주 전환 무상증자 주식매수선택권 행사 201,080,000 1,488,303,033 1,021,834,073 667,548,960 667,548,960 전환사채의 발행 6,646,646,640 6,646,646,640 6,646,646,640 전환권대가의 변동 기타포괄손익 공정가치측정금융자산평가손익 기타포괄손익 공정가치측정금융자산평가손익 대체 자본잉여금의 결손보전 150,000,000,000 150,000,000,000 자기주식의 취득 2,352,025,960 2,352,025,960 2,352,025,960 자기주식의 처분 종속기업의 취득 90,721,469,360 8,623,015,383 지배력의 변동없는 소유지분변동 190,982,287 190,982,287 200,047,585 9,065,298 2024.12.31 기말자본 7,495,738,000 49,688,327,623 2,352,025,960 257,385,551 9,133,980,202 28,468,057,971 92,691,463,387 95,519,087,779 188,210,551,166 2025.01.01 기초자본 7,495,738,000 49,688,327,623 2,352,025,960 257,385,551 9,133,980,202 28,468,057,971 92,691,463,387 95,519,087,779 188,210,551,166 총포괄손익 당기순이익 손실 7,352,961,298 7,352,961,298 2,988,877,531 10,341,838,829 순확정급여부채의 재측정요소 756,323 756,323 293,385,565 292,629,242 자본에 직접 인식된 소유주와의 거래 주식보상비용 385,408,280 385,408,280 2,080,354,489 2,465,762,769 해외사업환산손익 155,995,795 155,995,795 9,913,992 165,909,787 유상증자 종속기업 유상증자 보통주 전환 무상증자 주식매수선택권 행사 130,360,000 1,857,875,876 1,555,844,076 432,391,800 432,391,800 전환사채의 발행 전환권대가의 변동 81,146,629 81,146,629 81,146,629 기타포괄손익 공정가치측정금융자산평가손익 2,936,737 2,936,737 2,936,737 기타포괄손익 공정가치측정금융자산평가손익 대체 2,936,737 2,936,737 자본잉여금의 결손보전 자기주식의 취득 2,616,370,670 2,616,370,670 2,616,370,670 자기주식의 처분 종속기업의 취득 지배력의 변동없는 소유지분변동 376,240,712 376,240,712 2025.12.31 기말자본 7,626,098,000 51,546,203,499 4,968,396,630 101,389,756 7,882,397,777 21,118,789,733 83,306,482,135 94,683,505,892 177,989,988,027 연결 현금흐름표 제 11 기 2025.01.01 부터 2025.12.31 까지 제 10 기 2024.01.01 부터 2024.12.31 까지 제 9 기 2023.01.01 부터 2023.12.31 까지 단위 원 제 11 기 제 10 기 제 9 기 ."
Layer_1_Identity,Business_Report_2026,"일반사항 주식회사 컨텍 이하 지배기업 과 종속기업 이하 연결회사와 종속기업을 합하여 연결회사 은 2015년 1월 5일자로 설립된 우주분야 전문기업으로 위성과 연결하고 데이터를 수신할 수 있는 지상국 서비스, 위성영상 데이터 처리 및 분석 서비스 등 지상분야에서 요구되는 모 든 솔루션을 제공합니다."
Layer_1_Identity,Business_Report_2026,"전자공시시스템 dart.fss.or.kr Page 43 기업회계기준서 제1118호 재무제표 표시와 공시 제정 기업회계기준서 제1118호 재무제표 표시와 공시 는 기업회계기준서 제1001호 재무제표 표 시 를 대체하며, 기업 간 재무성과의 비교가능성을 향상시키고 목적적합한 정보를 제공하기 위한 새로운 요구사항을 포함합니다."
Layer_1_Identity,Business_Report_2026,"다만, 조건을 충족하는 현금흐름위험회피나 순투자의 위험회피 의 효과적인 부분과 관련되거나 보고기업의 해외사업장에 대한 순투자의 일부인 화폐성항목 에서 생기는 손익은 기타포괄손익으로 인식합니다."
Layer_1_Identity,Business_Report_2026,당기손익 공정가치 측정 금융자산 기타포괄손익 공정가치 측정 금융자산 상각후원가 측정 금융자산 금융자산은 금융자산의 관리를 위한 사업모형과 금융자산의 계약상 현금흐름 특성에 근거하 여 분류합니다.
Layer_1_Identity,Business_Report_2026,채무 상품에 대한 투자는 해당 자산을 보유하는 사업모형에 따라 그 평가손익을 당기손익 또는 기 타포괄손익으로 인식합니다.
Layer_1_Identity,Business_Report_2026,연결회사는 금융자산을 관리하는 사업모형을 변경하는 경우에 만 채무상품을 재분류합니다.
Layer_1_Identity,Business_Report_2026,채무상품 금융자산의 후속적인 측정은 금융자산의 계약상 현금흐름 특성과 그 금융자산을 관리하는 사업모형에 근거합니다.
Layer_1_Identity,Business_Report_2026,"가 상각후원가 계약상 현금흐름을 수취하기 위해 보유하는 것이 목적인 사업모형 하에서 금융자산을 보유 하고, 계약상 현금흐름이 원리금만으로 구성되어 있는 자산은 상각후원가로 측정합니다."
Layer_1_Identity,Business_Report_2026,"나 기타포괄손익 공정가치 측정 금융자산 계약상 현금흐름의 수취와 금융자산의 매도 둘 다를 통해 목적을 이루는 사업모형 하에서 금 융자산을 보유하고, 계약상 현금흐름이 원리금만으로 구성되어 있는 금융자산은 기타포괄손 익 공정가치로 측정합니다."
Layer_1_Identity,Business_Report_2026,"법적으로 집행가능한 상계권리는 미래 사건에 좌우되지 않으며, 정상적인 사업과정의 경우와 채무불이행의 경우 및 지급불능이나 파산의 경우에도 집행가능한 것을 의미합니다."
Layer_1_Identity,Business_Report_2026,2.14 매입채무와 기타채무 매입채무와 기타채무는 연결회사가 보고기간말 전에 제공받은 재화나 용역에 대하여 지급하 지 않은 부채입니다.
Layer_1_Identity,Business_Report_2026,차입한도를 제공받기 위해 지급한 수수료는 차입한 도의 일부나 전부로써 차입을 실행할 가능성이 높은 probable 범위까지는 차입금의 거래원 가로 인식합니다.
Layer_1_Identity,Business_Report_2026,차입한도약정의 일부 나 전부로써 차입을 실행할 가능성이 높다 는 증거가 없는 범위의 관련 수수료는 유동성을 제공하는 서비스에 대한 선급금으로서 자산으로 인식 후 관련된 차입한도기간에 걸쳐 상각 합니다.
Layer_1_Identity,Business_Report_2026,"전자공시시스템 dart.fss.or.kr Page 53 1 수행의무의 식별 연결회사는 1 지상국 데이터서비스 위성 및 발사체 운영기관, 기업을 대상으로 지상국을 이 용하여 위성데이터를 수신하여 전달하는 서비스 , 2 지상국 엔지니어링서비스 고객의 지상 국 및 위성운영을 위한 하드웨어 및 소프트웨어 개발 및 설치, 유지보수를 제공하는 서비스 및 3 위성영상서비스 위성영상 데이터의 왜곡을 보정하는 전처리 시스템 개발 및 서비스 제 공, 위성영상을 활용한 고객맞춤화 서비스 제공 등 사업을 영위하고 있습니다."
Layer_1_Identity,Business_Report_2026,"2 한 시점에 이행하는 수행의무 재화의 판매 및 용역의 제공에 따른 수익은 자산을 이전하여 수행의무를 이행할 때 인식하고 있으며,한 시점에 이행하는 수행의무는 고객에게 재화나 용역에 대한 통제를 이전하는 시점 에 이행되고 있습니다."
Layer_1_Identity,Business_Report_2026,"고객은 기업이 수행하는 대로 기업의 수행에서 제공하는 효익을 동시에 얻고 소비한다 기업이 수행하여 만들어지거나 가치가 높아지는 대로 고객이 통제하는 자산을 회사가 만 들거나 그 자산 가치를 높인다 기업이 수행하여 만든 자산이 기업 자체에는 대체 용도가 없고 지금까지 수행을 완료한 부분에 대해 집행 가능한 지급청구권이 기업에 있다 또한 연결회사가 수행한 서비스가 연결회사 자체에는 대체용도가 없고, 지금까지 의무수행 을 완료한 부분에 대해 집행 가능한 지급청구권이 기업에 있는 경우 산출법 기준으로 이전된 재화나 용역이 고객에게 주는 가치를 직접 측정한 것에 기초하여 수익을 인식하고 있습니다."
Layer_1_Identity,Business_Report_2026,"2 리스제공자 연결회사가 리스를 제공하는 경우, 리스제공자로서 연결회사는 리스약정일에 리스가 금융리 스인지 운용리스인지 판단합니다."
Layer_1_Identity,Business_Report_2026,부문별정보 1 연결회사의 보고부문 및 주요 내용 연결회사는 전기중 발생한 사업결합이전까지 단일의 보고부문이였으나 사업결합 이후 수익 을 창출하는 용역 및 재화의 성격에 따라 주요 영업부문을 지상국 및 위성사업으로 구분하고 있습니다.
Layer_1_Identity,Business_Report_2026,연결회사는 각 사업부문에 배분될 자원에 대한 의사결정 및 성과평가를 위하여 최 고경영진이 주기적으로 검토하는 내부자료에 기초하여 사업부문을 구분하였습니다.
Layer_1_Identity,Business_Report_2026,2 사업부문별 정보 당기 연결회사의 매출은 전액 고객과의 계약에서 생기는 수익입니다.
Layer_1_Identity,Business_Report_2026,"단위 천원 구분 지상국 위성사업 연결조정 조정후금액 총매출액 47,854,952 47,812,373 8,769,160 86,898,165 내부매출액 8,769,160 8,769,160 순매출액 39,085,792 47,812,373 86,898,165 감가상각비,무형자산상각비 및 사용권자산상각비 3,188,082 754,637 4,400,929 8,343,648 영업이익 9,290,461 4,301,222 2,578,380 16,170,063 단위 천원 구분 지상국 위성사업 연결조정 조정후금액 총매출액 32,051,849 39,447,403 2,516,170 68,983,082 내부매출액 2,516,170 2,516,170 순매출액 29,535,679 39,447,403 68,983,082 감가상각비,무형자산상각비 및 사용권자산상각비 2,464,960 323,072 2,159,295 4,947,327 영업이익 14,601,225 4,922,585 2,507,280 12,185,920 전자공시시스템 dart.fss.or.kr Page 59 3 연결회사의 당기 및 전기의 지역별 매출내역은 다음과 같습니다."
Layer_1_Identity,Business_Report_2026,"단위 천원 계정과목 종류 금융기관 당기말 전기말 사용제한내용 담보제공처 단기금융상품 정기예금 기업은행 5,000,000 정기예금 KDB산업은행 25,869,800 정기예금 KEB하나은행 15,086,094 88,200 지급보증 Thuraya 정기예금 우리은행 8,000,000 소계 53,955,894 88,200 장기금융상품 정기예금 신한은행 15,000 15,000 지급보증 서울보증보험 정기예금 기업은행 484,340 484,340 지급보증 서울보증보험 정기예금 농협은행 100,000 선금보증 서울보증보험 정기예금 농협은행 330,000 계약보증 서울보증보험 정기예금 농협은행 700,000 선금보증 서울보증보험 소계 1,629,340 499,340 합계 55,585,234 587,540 전자공시시스템 dart.fss.or.kr Page 61 7."
Layer_1_Identity,Business_Report_2026,"단위 천원 구 분 당기말 전기말 취득원가 평가손실충당금 장부금액 취득원가 평가손실충당금 장부금액 상품 848,274 848,274 816,290 3,546 812,744 제품 20,197 20,197 54,922 5,525 49,397 재공품 4,693,652 4,693,652 3,967,857 3,967,857 원재료 17,076,225 923,229 16,152,996 16,870,127 389,692 16,480,435 합 계 22,638,348 1,791,700 20,846,648 21,709,196 398,763 21,310,433 단위 천원 구 분 당 기 전 기 기초금액 398,763 설 정 1,400,871 331,974 환 입 7,934 사업결합으로 인한 증감 66,789 기말금액 1,791,700 398,763 전자공시시스템 dart.fss.or.kr Page 62 8."
Layer_1_Identity,Business_Report_2026,"매출채권및기타채권 1 매출채권및기타채권의 내역 단위 천원 구 분 당기말 전기말 유동 매출채권 9,624,594 11,956,518 대손충당금 매출채권 1,271,843 1,102,916 단기대여금 874,200 850,700 임차보증금 520,000 73,218 현재가치할인차금 임차보증금 3,152 57 기타보증금 64,299 60,650 현재가치할인차금 기타보증금 1,137 573 미수수익 1,247,570 1,886,549 미수금 3,961,905 6,059,603 대손충당금 미수금 3,568,249 3,568,249 소계 11,448,187 16,215,443 비유동 장기대여금 359,300 149,300 임차보증금 1,106,098 1,262,244 현재가치할인차금 임차보증금 41,786 63,726 기타보증금 134,613 184,563 현재가치할인차금 기타보증금 9,566 15,517 소계 1,548,659 1,516,864 합계 12,996,846 17,732,307 전자공시시스템 dart.fss.or.kr Page 63 2 매출채권및기타채권의 대손충당금의 증감내역 3 당기말 및 전기말 현재 채권발생일을 기준으로 한 매출채권 연령내역 단위 천원 구 분 당기 전기 기초 4,671,165 3,595,507 대손상각비 168,927 96,707 사업결합으로 인한 증감 978,951 합계 4,840,092 4,671,165 단위 천원 구 분 당기말 전기말 6월 이하 8,405,210 10,808,441 6월 초과 1년 이하 188,915 1년 초과 3년 이하 203,299 126,252 3년 초과 1,016,085 832,910 합 계 9,624,594 11,956,518 전자공시시스템 dart.fss.or.kr Page 64 9."
Layer_1_Identity,Business_Report_2026,"436,768 주식회사 보이저벤처스 300,000 소계 1,036,768 410,825 합계 2,697,330 679,971 단위 천원 구 분 당기 전기 당기손익 공정가치측정 금융자산 기타포괄손익 공정가치측정 금 융자산 당기손익 공정가치 측정 금융자산 기타포괄손익 공정가치 측정 금융자산 기초금액 269,146 410,825 17,740 300,000 취득 1,276,655 736,768 250,000 사업결합으로 인한 증감 110,825 평가손익 171 3,765 1,406 대체 114,590 114,590 처분 기말 1,660,562 1,036,768 269,146 410,825 전자공시시스템 dart.fss.or.kr Page 65 10."
Layer_1_Identity,Business_Report_2026,"단위 천원 구 분 순자산 연결실체 지분율 순자산지분금액 영업권 등 기말 주 쎄스 888,230 58 512,243 5,942,747 5,430,504 단위 천원 구 분 취득가액 감가상각누계액 손상차손누계액 1 정부보조금 장부금액 토지 16,201,645 16,201,645 건물 8,294,568 3,125,403 5,169,165 구축물 163,574 3,328 160,246 기계장치 1,799,418 811,726 34,780 952,912 차량운반구 75,946 39,741 36,205 시설장치 632,964 215,756 417,208 비품 5,487,911 2,703,704 258,953 2,525,254 기타의유형자산 2 8,217,929 3,097,064 4,720,710 400,155 지상국 12,572,738 3,436,390 9,136,348 건설중인유형자산 21,468,697 1,070,329 281,416 20,116,952 합계 74,915,390 13,433,112 5,791,039 575,149 55,116,090 전자공시시스템 dart.fss.or.kr Page 67 전기말 2 유형자산의 변동내역 당기 기타증감액은 해외사업장의 유형자산 환산에 의한 해외사업환산손익 반영액으로 구성되 어 있습니다."
Layer_1_Identity,Business_Report_2026,"단위 천원 구 분 취득가액 감가상각누계액 손상차손누계액 정부보조금 장부금액 토지 21,122,803 21,122,803 건물 7,616,185 2,741,767 4,874,418 기계장치 1,341,436 584,676 21,690 735,070 차량운반구 75,946 27,148 48,798 시설장치 588,536 89,511 499,025 비품 4,208,560 1,998,106 110,400 2,100,054 기타의유형자산 3,245,569 2,995,732 249,837 지상국 9,961,537 2,282,711 7,678,826 건설중인유형자산 15,248,318 5,364,534 9,883,784 합계 63,408,890 10,719,651 5,364,534 132,090 47,192,615 단위 천원 구 분 기초 취득 상각 손상 대체 연결범위 변동 기타증감 기말 토지 21,122,803 4,857,693 63,465 16,201,645 건물 4,874,418 383,636 678,383 5,169,165 구축물 3,328 163,574 160,246 기계장치 735,070 157,486 214,612 280,942 5,974 952,912 차량운반구 48,798 12,593 36,205 시설장치 499,025 31,845 127,602 35,320 20,843 537 417,208 비품 2,100,054 1,155,502 666,564 21,452 68,839 16,351 2,525,254 기타의유형자산 249,837 251,650 101,332 400,155 지상국 7,678,826 1,153,679 2,611,201 9,136,348 건설중인유형자산 9,883,784 13,848,817 426,505 3,223,229 34,085 20,116,952 합계 47,192,615 15,445,300 2,663,346 426,505 4,290,050 89,682 52,242 55,116,090 전자공시시스템 dart.fss.or.kr Page 68 전기 기타증감액은 해외사업장의 유형자산 환산에 의한 해외사업환산손익 반영액으로 구성되 어 있습니다."
Layer_1_Identity,Business_Report_2026,"3 유형자산 감가상각비 현황 단위 천원 구 분 기초 취득 처분 상각 손상 대체 사업결합으로 인한 증가 기타증감 기말 토지 5,905,514 2,669,160 123,032 70,854 12,409,696 190,611 21,122,803 건물 1,893,631 247,631 1,856,705 1,371,713 4,874,418 기계장치 21,092 345,310 12,364 29,179 345,416 46,029 18,766 735,070 차량운반구 18,202 9,617 40,213 48,798 시설장치 116,678 99,028 4 66,780 348,600 1,503 499,025 비품 555,987 1,106,246 26,161 377,255 237,387 555,153 48,697 2,100,054 기타의유형자산 83,451 37,180 203,566 249,837 지상국 7,710,434 943,057 911,449 7,678,826 건설중인유형자산 11,252,348 8,421,189 5,364,534 4,453,218 28,000 9,883,785 합계 27,473,886 12,724,384 161,561 1,710,699 5,364,534 682,807 14,654,370 259,577 47,192,616 단위 천원 구 분 당기 전기 제조원가 등 1,799,892 1,242,770 판매비와관리비 863,454 467,929 합계 2,663,346 1,710,699 전자공시시스템 dart.fss.or.kr Page 69 12."
Layer_1_Identity,Business_Report_2026,"단위 천원 구 분 기초 취득 상각 연결범위 변동 해외사업장환산손익 기말 산업재산권 152,068 93,553 51,211 194,410 소프트웨어 631,420 119,422 180,532 4,494 1,371 564,445 고객관계 24,397,596 2,568,168 21,829,428 기타의무형자산 1,782,396 1,782,396 영업권 33,827,819 33,827,819 합계 60,791,299 212,975 4,582,307 4,494 1,371 56,416,102 단위 천원 구 분 기초 취득 처분 상각 대체 사업결합으로 인한 증가 해외사업장환산손익 기말 산업재산권 126,747 24,498 35,112 35,935 152,068 소프트웨어 235,406 223,194 17,019 129,741 305,667 9,935 3,978 631,420 고객관계 1,284,084 25,681,680 24,397,596 기타의무형자산 891,198 2,673,594 1,782,396 영업권 33,827,819 33,827,819 합계 362,153 247,692 17,019 2,340,135 305,667 62,228,963 3,978 60,791,299 전자공시시스템 dart.fss.or.kr Page 71 5 영업권의 손상 평가 1 영업권은 연결실체의 경영진이 영업권을 관리하는 단위인 현금창출단위 별로 다음과 같 이 배분되었습니다."
Layer_1_Identity,Business_Report_2026,"2 현금흐름창출단위의 회수가능가액은 경영진의 승인을 받은 미래 사업계획을 반영한 사용 가치 계산에 근거하여 결정되었으며, 주요 현금창출단위 사용가치 계산에 사용된 주요 가정 치는 다음과 같습니다 3 영업권 손상에 대한 민감도 분석은 다음과 같습니다."
Layer_1_Identity,Business_Report_2026,"단위 천원 구 분 확정급여채무 현재가치 사외적립자산 순확정급여 부채 자산 기초 600,383 600,383 당기손익으로 인식되는 금액 당기근무원가 669,190 669,190 이자비용 이자수익 223,306 202,778 20,528 소 계 892,496 202,778 689,718 기타포괄손익으로 인식되는 재측정요소 사외적립자산의 수익 위의 이자에 포함된 금액 제외 51,645 51,645 재무적가정의 변동에서 발생하는 보험수리적손익 58,029 58,029 인구통계적가정의 변동에서 발생하는 보험수리적손익 94,686 94,686 경험조정으로 인해 발생한 보험수리적손익 262,869 262,869 소 계 110,154 51,645 58,509 기여금 제도가입자가 납부한 기여금 550,000 550,000 제도에서 지급한 금액 지급액 2,482,120 2,205,316 276,804 사업결합으로 인한 증가 10,500,179 10,528,717 28,538 기말 9,400,784 9,024,534 376,250 단위 천원 구 분 당기말 전기말 현금및현금성자산 9,949,060 9,024,534 전자공시시스템 dart.fss.or.kr Page 80 4 주요 보험수리적 가정 5 주요 가정의 변동에 따른 당기 확정급여채무의 민감도 분석 당기말 전기말 상기의 민감도 분석은 다른 가정은 일정하다는 가정하에 산정됐습니다."
Layer_1_Identity,Business_Report_2026,"고객과의 계약에서 생기는 수익 및 관련 계약자산과 계약부채 1 고객과의 계약에서 생기는 수익 1 수익으로 인식한 금액 2 고객과의 계약에서 생기는 수익의 구분 2 원가기준 투입법 적용계약 1 공사계약 잔액 단위 천원 구 분 당기 전기 고객과의 계약에서 생기는 수익 86,898,165 68,983,082 단위 천원 구 분 지상국 솔루션 위성영상 솔루션 위성제조 및 서비스 솔루션 기타 합계 외부고객으로부터 수익 24,357,283 13,741,806 48,525,100 273,976 86,898,165 수익인식 시점 기간에 걸쳐 인식 23,768,487 13,688,976 20,678,456 58,135,919 한 시점에 인식 588,795 52,831 27,846,645 273,976 28,762,247 지역별 구분 국내 16,910,432 7,755,877 20,877,757 113,811 45,657,877 해외 7,446,851 5,985,929 27,647,344 160,164 41,240,288 단위 천원 구 분 기초계약잔액 신규수주 공사수익 이월계약잔액 지상국솔루션 23,936,548 28,754,829 25,376,817 27,314,560 위성영상솔루션 11,006,285 9,933,799 10,564,396 10,375,688 위성제조 및 서비스 솔루션 36,549,612 6,917,147 18,152,174 25,314,585 합 계 71,492,445 45,605,775 54,093,387 63,004,833 전자공시시스템 dart.fss.or.kr Page 89 2 진행중인 계약의 누적공사원가 등 3 계약자산과 계약부채 전기말의 계약부채 잔액 중 당기에 수익으로 인식한 금액은 15,827,809천원입니다."
Layer_1_Identity,Business_Report_2026,"4 총계약원가의 추정치 변동 단위 천원 구 분 누적공사원가 누적손익 계약자산 계약부채 지상국솔루션 24,705,433 4,242,744 3,224,278 9,794,716 위성영상솔루션 11,262,682 536,404 272,966 3,816,004 위성제조 및 서비스 솔루션 65,760,926 12,124,400 4,646,950 14,521,407 합 계 101,729,041 16,903,548 8,144,194 28,132,127 단위 천원 구 분 당기말 전기말 계약자산 미청구공사 8,144,194 3,275,451 계약부채 초과청구공사 28,132,127 25,621,620 단위 천원 구 분 계약금액의 변동 추정총계약 원가의 변동 당기 손익에 미치는 영향 미래 손익에 미치는 영향 공사손익 변동금액 계약자산 변동 계약부채 변동 지상국 솔루션 213,774 76,227 235,511 54,490 290,001 628,278 338,277 위성영상 솔루션 36,530 950,283 908,869 4,884 913,753 114,297 1,028,050 위성제조 및 서비스 솔루션 836,727 1,613,900 803,312 26,140 777,172 357,655 1,134,827 전자공시시스템 dart.fss.or.kr Page 90 5 투입법을 적용하여 수익을 인식한 매출 중 당기말 현재 진행중인 주요 프로젝트는다음과 같습니다."
Layer_1_Identity,Business_Report_2026,"단위 천원 구분 계약일 계약금액 진행률 누적매출액 계약자산 계약부채 지상국솔루션 2023 12 27 13,087,240 79 10,381,340 3,132,610 2023 12 19 4,439,091 100 4,439,091 2023 11 13 8,727,273 100 8,727,273 2024 10 04 13,525,489 89 12,016,919 1,552,084 2025 11 21 4,531,991 1 60,484 1,939,516 2025 11 24 2,836,455 0 10,576 698,515 2025 12 08 4,323,982 1 29,714 1,970,286 2025 12 10 8,642,880 34 2,933,988 1,367,109 2025 12 10 4,125,943 0 474 1,999,526 위성제조 및 서비스 솔루션 2016 04 01 2,317,727 86 1,994,873 285,763 2019 03 29 12,926,937 100 12,926,937 2020 05 20 6,526,670 97 6,318,835 2020 06 29 12,309,091 98 12,039,938 22,971 2021 12 21 9,495,835 92 8,702,762 453,982 2022 10 12 2,258,182 100 2,258,182 2022 12 09 10,885,455 56 6,116,031 3,953,014 2023 03 01 6,927,868 42 2,905,595 3,227,385 2023 06 30 3,697,273 100 3,697,273 178,578 2023 09 21 6,933,636 45 3,120,285 3,278,609 2023 09 26 7,118,182 47 3,368,873 3,214,565 2023 10 16 3,011,182 35 1,049,990 76,664 2023 12 28 4,609,091 100 4,598,168 1,337,486 2024 04 04 3,850,000 93 3,584,631 2,044,631 2025 08 04 4,349,511 18 793,763 474,547 위성영상솔루션 2024 11 05 9,238,385 44 4,039,001 1,457,399 2025 03 04 6,309,909 58 3,666,828 932,590 전자공시시스템 dart.fss.or.kr Page 91 25."
Layer_1_Identity,Business_Report_2026,"법인세 1 법인세비용 수익 의 구성내역 2 자본에 직접 반영되는 법인세 3 법인세비용 수익 과 회계이익의 관계 단위 천원 구 분 당기 전기 당기납부세액 204,359 1,400,772 조정사항 일시적차이의 변동 1,342,841 816,499 전기법인세 조정 자본에 직접 가감하는 이연법인세 27,959 809,755 법인세비용 수익 1,110,523 1,407,516 단위 천원 구 분 당기말 전기말 확정급여제도 재측정요소 109,933 79,435 전환권대가 81,146 730,320 기타 828 합계 27,959 809,755 단위 천원 구 분 당기 전기 세전이익 11,452,363 17,720,383 적용세율에 따른 법인세 2,640,960 3,095,085 조정사항 비공제비용 291,842 408,778 비과세수익 인식하지 아니한 일시적차이 변동 1,321,245 4,050,393 세액공제및감면 162,444 기타 79,794 43,431 법인세비용 수익 1,110,523 1,407,517 전자공시시스템 dart.fss.or.kr Page 97 4 이연법인세자산 부채 의 증감내역 당기 단위 천원 구 분 기초금액 당기손익반영 기타포괄손익반영 기말금액 감가상각비 230,027 32,699 262,726 미수수익 394,274 126,729 267,545 외화환산이익 28,003 2,349 25,654 매도가능증권평가이익 2,129 113 828 3,070 외화환산손실 24,791 11,944 12,847 정부보조금 26,394 19,988 46,382 퇴직연금 DC 5,837 773 6,610 사용권자산 295,125 37,354 257,771 리스부채 337,549 40,437 297,112 현재가치할인차금 7,144 2,193 4,951 기계장치 723 241 482 기타유형자산 126 42 84 무형자산 5,471,539 669,118 4,802,421 연차부채 48,033 75,012 123,045 퇴직급여부채 1,847,561 243,647 109,933 2,201,141 기타장기종업원급여부채 72,455 128,645 201,100 이월세액공제 3,283,194 1,073,211 4,356,405 퇴직연금운용자산 1,742,078 347,921 2,089,999 대손충당금 573,602 42,634 616,236 이월결손금 2,548,567 477,631 3,026,198 자기주식 528,461 27,814 556,275 재고자산평가손실 83,341 310,833 394,174 지분법주식 2,038 2,038 토지 212,745 11,197 223,942 계약자산대손충당금 1,187 1,187 하자보수충당금 32,144 32,144 공사손실충당금 28,129 64,945 93,074 당기손익공정가치측정금융자산 176 17 193 전환권대가 730,320 81,146 811,466 전환권조정 1,194,967 221,238 973,729 인정이자 610 336 946 건설중인자산 531,089 42,224 573,313 상환할증금 311,538 311,538 파생상품자산 129,473 72,105 57,368 파생상품부채 637,512 19,920 657,432 세액공제 75 75 소계 100,370 3,191,110 27,959 3,118,699 인식하지 않은 일시적차이 6,593,184 1,875,988 8,469,172 전자공시시스템 dart.fss.or.kr Page 98 전기 합계 6,693,554 1,315,122 27,959 5,350,473 단위 천원 구 분 기초금액 사업결합으로 인한 증감 당기손익반영 기타포괄손익반영 기말금액 전환권대가 1,460,640 730,320 730,320 감가상각비 213,526 11,163 224,689 미수수익 223,944 170,316 394,260 매도가능증권평가이익 2,129 2,129 비품국고보조금 12,070 1,993 10,077 사용권자산 44,845 17,287 62,132 리스부채 46,051 16,330 62,381 무형자산 5,926,252 454,634 5,471,618 연차부채 105,458 81,946 23,512 퇴직급여부채 2,194,537 531,894 79,435 1,742,078 기타장기종업원급여부채 19,880 328 20,208 공사손실충당금 8,325 12,543 20,868 대손충당금 200,162 16,035 216,197 재고자산평가손실 13,959 69,383 83,342 퇴직연금운용자산 2,194,537 452,459 1,742,078 하자보수충당금 32,144 32,144 자기주식 528,461 528,461 토지 212,745 212,745 계약자산대손충당금 432,402 432,402 국고보조금 기계장치 5,267 734 4,533 국고보조금 소프트웨어 4,727 4,727 국고보조금 특허권 132 38 94 승용차업무용한도초과액 4,089 1,250 5,339 합계 5,877,055 1,626,254 809,755 6,693,554 전자공시시스템 dart.fss.or.kr Page 99 5 당기말 현재 이연법인세자산을 인식하지 아니한 가산할 일시적 차이를 초과하는 차감할 일시적차이 및 이월결손금 등의 내역은 다음과 같습니다."
Layer_1_Identity,Business_Report_2026,연결회사는 보고기간말 현재 향후 사업계 획의 불확실성을 고려하여 차감할 일시적 차이 및 이월결손금과 관련된 이연법인세 자산을 인식하지 않았습니다.
Layer_1_Identity,Business_Report_2026,우발부채와 약정사항 1 당기말 현재 타인으로부터 제공받은 지급보증의 내역은 다음과 같습니다.
Layer_1_Identity,Business_Report_2026,"상기 지급보증과 관련하여 대표이사로부터 11,152,306천원의 지급보증을 제공받고 있 으며, 연결회사의 금융상품을 담보로 제공하고 있습니다 주석6 참조 ."
Layer_1_Identity,Business_Report_2026,"한편, 지배기업은 기업은행으로부터 3,500,000천원의 원화지급보증을 제공받고 있으며, 이 와 관련하여 지배기업이 소유한 AP위성의 보통주식 1,000,000주를 담보로 제공하고 있습 니다."
Layer_1_Identity,Business_Report_2026,3 당기말 현재 연결회사가 타인을 위하여 제공하고 있는 담보 및 보증의 내역은 다음과 같 습니다.
Layer_1_Identity,Business_Report_2026,"단위 1USD,천원 금융기관명 구분 한도액 사용액 담보제공 KEB 하나은행 수입신용장발행 포괄 USD 944,000 내국신용장발행 포괄 300,000 계약이행지급보증 USD 60,000 단위 천원 금융기관 담보제공처 보증금액 신한은행 서울보증보험 15,000 신한은행 서울보증보험 484,340 KEB하나은행 Thuraya 86,094 전자공시시스템 dart.fss.or.kr Page 103 32."
Layer_1_Identity,Business_Report_2026,재화 및 용역의 제공에 따른 매출채권 현금성자산도 손상 규정의 적용대상에 포함되나 식별된 기대신용손실은 유의적이지 않습니 다.
Layer_1_Identity,Business_Report_2026,5 자본위험관리 연결회사의 자본관리 목적은 계속기업으로서 주주 및 이해연결회사자들에게 이익을 지속적 으로 제공할 수 있는 능력을 보호하고 자본비용을 절감하기 위해 최적 자본구조를 유지하는 것입니다.
Layer_1_Identity,Business_Report_2026,"단위 천원 구 분 당기 전기 기초 1,102,916 27,258 당기손익으로 인식된 손실충당금의 증감 168,927 96,707 사업결합으로 인한 증가 978,951 기말 1,271,843 1,102,916 단위 천원 구 분 당기말 전기말 부채총계 95,083,365 90,546,618 차감 현금및현금성자산 44,372,465 118,675,411 조정부채 50,710,900 28,128,793 자본총계 177,989,988 188,210,551 조정부채비율 28.49 전자공시시스템 dart.fss.or.kr Page 113 36."
Layer_1_Identity,Business_Report_2026,"4 반복적인 측정치의 수준 3의 변동 내역 단위 천원 구 분 공정가치 가치평가기법 투입변수 수준3 투입변수 당기손익 공정가치 측정 금융자산 정보통신공제조합 19,146 순자산가치법 자산가치 크립톤 엔젤링크 7호 개인투자조합 50,000 순자산가치법 자산가치 스타트업코리아IBK 스틱테크챔피언펀드 1,307,808 순자산가치법 자산가치 제1회 전환사채 매도청구권 200,000 Compound Call Option 모형 주가변동성 52.49 기타포괄손익 공정가치 측정 금융자산 땡스카본 주식회사 300,000 순자산가치법 자산가치 소프트웨어공제조합 110,825 순자산가치법 자산가치 당기손익 공정가치 측정 금융부채 제1회 전환사채 조기상환청구권 6,439,519 Tsiveriotis Fernandes 모형 주가변동성 52.49 씨에스오 전환상환우선주 3,809,811 Tsiveriotis Fernandes 모형 주가변동성 56.30 쎄스 전환상환우선주 1,572,717 Tsiveriotis Fernandes 모형 주가변동성 56.30 단위 천원 구 분 당기 전기 공정가치 측정 금융자산 공정가치 측정 금융부채 공정가치 측정 금융자산 공정가치 측정 금융부채 기초 1,987,779 11,822,047 317,740 취득 2,013,423 953,856 3,843,164 10,910,491 사업결합으로 인한 증감 110,825 연결범위 변동 1,293,090 총손익 당기손익인식액 728,166 788,230 2,283,950 기타포괄손익인식액 3,765 911,556 기말 3,276,801 10,694,583 1,987,779 11,822,047 전자공시시스템 dart.fss.or.kr Page 117 37."
Layer_1_Identity,Business_Report_2026,"일반사항 주식회사 컨텍 이하 당사 은 2015년 1월 5일자로 설립된 우주분야 전문기업으로 위성과 연결하고 데이터를 수신할 수 있는 지상국 서비스, 위성영상 데이터 처리 및 분석 서비스 등 지상분야에서 요구되는 모든 솔루션을 제공합니다."
Layer_1_Identity,Business_Report_2026,당사는 2023년 11월 9일자로 주식을 협회중개시장 KOSDAQ 에 등록하였습니다.
Layer_1_Identity,Business_Report_2026,"당사는 본점을 대전광역시 유성구 지족로에 두고 있으며, 설립 후 수차례의 증자 등을 거쳐 당기손익 공정가치금융자산의취득 1,276,655,020 250,000,000 0 단기대여금의 대여 2,785,200,000 0 500,000,000 장기대여금의 대여 67,428,800 0 0 유형자산의 취득 5,194,723,242 3,468,678,769 13,742,666,239 무형자산의 취득 68,063,776 87,047,981 67,816,288 종속기업투자의 취득 0 69,279,316,613 60,000,000 보증금의 증가 284,349,000 556,433,000 565,631,000 기타포괄손익 공정가치측정금융자산의취 득 736,767,660 0 300,000,000 ."
Layer_1_Identity,Business_Report_2026,2.1 재무제표 작성 기준 당사는 2022년 1월 1일 이후에 개시하는 연차보고기간부터 국제회계기준을 채택하여 제정 한 한국채택국제회계기준을 적용하고 있습니다.
Layer_1_Identity,Business_Report_2026,"전자공시시스템 dart.fss.or.kr Page 126 기업회계기준서 제1118호 재무제표 표시와 공시 제정 기업회계기준서 제1118호 재무제표 표시와 공시 는 기업회계기준서 제1001호 재무제표 표 시 를 대체하며, 기업 간 재무성과의 비교가능성을 향상시키고 목적적합한 정보를 제공하기 위한 새로운 요구사항을 포함합니다."
Layer_1_Identity,Business_Report_2026,당사는 상기에 열거된 제 개정사항이 재무제표에 미치는 영향이 중요하지 않을 것으로 판 단하고 있습니다.
Layer_1_Identity,Business_Report_2026,전자공시시스템 dart.fss.or.kr Page 127 2.4 외화환산 1 기능통화와 표시통화 당사는 재무제표에 포함되는 항목들을 각각의 영업활동이 이뤄지는 주된 경제 환경에서의 통화 기능통화 를 적용하여 측정하고 있습니다.
Layer_1_Identity,Business_Report_2026,전자공시시스템 dart.fss.or.kr Page 128 2.5 금융자산 1 분류 당사는 다음의 측정 범주로 금융자산을 분류합니다.
Layer_1_Identity,Business_Report_2026,당사는 금융자산을 관리하는 사업모형을 변경하는 경우에만 채 무상품을 재분류합니다.
Layer_1_Identity,Business_Report_2026,"전자공시시스템 dart.fss.or.kr Page 129 2 측정 당사는 최초 인식시점에 금융자산을 공정가치로 측정하며, 당기손익 공정가치 측정 금융자 산이 아닌 경우에 해당 금융자산의 취득과 직접 관련되는 거래원가는 공정가치에 가산합니 다."
Layer_1_Identity,Business_Report_2026,당사는 채무상품을 다음의 세 범주로 분류합니다.
Layer_1_Identity,Business_Report_2026,지분상품 당사는 모든 지분상품에 대한 투자를 후속적으로 공정가치로 측정합니다.
Layer_1_Identity,Business_Report_2026,전자공시시스템 dart.fss.or.kr Page 130 3 손상 당사는 미래전망정보에 근거하여 상각후원가로 측정하거나 기타포괄손익 공정가치로 측정 하는 채무상품에 대한 기대신용손실을 평가합니다.
Layer_1_Identity,Business_Report_2026,"단, 매출채권 및 리스채권에 대해 당사는 채권의 최초 인식시점부터 전체기간 기대신용손실을 인식하는 간편법을 적용합니다."
Layer_1_Identity,Business_Report_2026,"법적으로 집행가능한 상계권리는 미래사건 에 좌우되지 않으며, 정상적인 사업과정의 경우와 채무불이행의 경우 및 지급불능이나 파산 의 경우에도 집행가능한 것을 의미합니다."
Layer_1_Identity,Business_Report_2026,2.14 매입채무와 기타채무 매입채무와 기타채무는 당사가 보고기간말 전에 제공받은 재화나 용역에 대하여 지급하지 않은 부채입니다.
Layer_1_Identity,Business_Report_2026,2.18 수익인식 당사는 기업회계기준서 제1115호 고객과의 계약에서 생기는 수익 의 적용범위에 포함되는 고객과의 모든 계약에 5단계 수익인식모형 계약 식별 수행의무식별 거래가격 산정 거래가격을 수행의무에 배분 수행의무 이행 시 수익 인식 을 적용하여 수익 을 인식합니다.
Layer_1_Identity,Business_Report_2026,"전자공시시스템 dart.fss.or.kr Page 136 1 수행의무의 식별 당사는 1 지상국 데이터서비스 위성 및 발사체 운영기관, 기업을 대상으로 지상국을 이용하 여 위성데이터를 수신하여 전달하는 서비스 , 2 지상국 엔지니어링서비스 고객의 지상국 및 위성운영을 위한 하드웨어 및 소프트웨어 개발 및 설치, 유지보수를 제공하는 서비스 및 3 위성영상서비스 위성영상 데이터의 왜곡을 보정하는 전처리 시스템 개발 및 서비스 제공, 위 성영상을 활용한 고객맞춤화 서비스 제공 등 사업을 영위하고 있습니다."
Layer_1_Identity,Business_Report_2026,"당사는 고객이 재화나 용역 그 자체에서 효익을 얻거나 고객이 쉽게 구할 수 있는 다른 자 원과 함께하여 그 재화나 용역에서 효익을 얻을 수 있고, 고객에게 재화나 용역을 이전하 기로 하는 약속을 계약 내의 다른 약속과 별도로 식별해 낼 수 있다면 구별되는 별도의 수행 의무로 식별합니다."
Layer_1_Identity,Business_Report_2026,당사는 수행의무를 이행하는 시점을 판단하기 위한 통제 이전의 지표 로 다음을 참고하고 있습니다.
Layer_1_Identity,Business_Report_2026,"기업은 자산에 대해 현재 지급청구권이 있다 고객에게 자산의 법적 소유권이 있다 기업이 자산의 물리적 점유를 이전하였다 자산의 소유에 따른 유의적인 위험과 보상이 고객에게 있다 고객이 자산을 인수하였다 전자공시시스템 dart.fss.or.kr Page 137 3 기간에 걸쳐 이행하는 수행의무 당사는 다음 기준 중 어느 하나를 충족하는 경우 재화나 용역에 대한 통제를 기간에 걸쳐 이 전하므로, 기간에 걸쳐 수행의무를 이행하는 것으로 보아 기간에 걸쳐 수익을인식하고 있습 니다."
Layer_1_Identity,Business_Report_2026,고객은 기업이 수행하는 대로 기업의 수행에서 제공하는 효익을 동시에 얻고 소비한다.
Layer_1_Identity,Business_Report_2026,"2.19 리스 당사는 대가와 교환하여 일정 기간 동안 식별되는 자산의 사용통제권을 이전하는 계약을 리 스로 분류하고 있으며 사무실, 자동차 및 지상국 부지 등을 리스하고 있습니다."
Layer_1_Identity,Business_Report_2026,"한편, 당사는 리스기간이 12개월 이내인 단기리스와 소액 기초자산 리스에 대하여 사용권자 산과 리스부채를 인식하지 않는 실무적 간편법을 선택하였습니다."
Layer_1_Identity,Business_Report_2026,당사는 이러한 리스에 관 련된 리스료를 리스기간에 걸쳐 정액법에 따라 비용으로 인식합니다.
Layer_1_Identity,Business_Report_2026,"2 리스제공자 당사가 리스를 제공하는 경우, 리스제공자로서 당사는 리스약정일에 리스가 금융리스인지 운용리스인지 판단합니다."
Layer_1_Identity,Business_Report_2026,각 리스를 분류하기 위하여 당사는 리스가 기초자산의 소유에 따 른 위험과 보상의 대부분을 이전하는지를 전반적으로 판단합니다.
Layer_1_Identity,Business_Report_2026,"당사는 특정 기간동안 과세소득의 일정 금액을 투자, 임금증가 등에 사용하지 않았을 때 세 법에서 정하는 방법에 따라 산정된 법인세를 추가로 부담합니다."
Layer_1_Identity,Business_Report_2026,당사는 보고기간말 현재 중요한 시장상황에 기초하여 다양한 평가기법의 선택 및 가 정에 대한 판단을 하고 있습니다.
Layer_1_Identity,Business_Report_2026,"당사는 이러한 가정의 설정 및 손상모델에 사용되는 투입변수의 선정에 있어서 당사의 과거 경험, 현재 시장 상황, 재무보고일 기준의 미래전망정보 등을 고려하여 판단합니다."
Layer_1_Identity,Business_Report_2026,부문별정보 1 당사는 영업수익을 창출하는 재화나 용역의 성격 및 서비스를 제공하기 위한 자산의 특 성 등을 고려하여 당사 전체를 단일 보고부문으로 결정하였습니다.
Layer_1_Identity,Business_Report_2026,"단위 천원 구 분 당기말 전기말 보통예금 등 23,589,634 27,464,373 단위 천원 계정과목 종류 금융기관 당기말 전기말 사용제한내용 담보제공처 장기금융상품 정기예금 농협은행 100,000 선금보증 서울보증보험 정기예금 농협은행 330,000 계약보증 서울보증보험 정기예금 농협은행 700,000 선금보증 서울보증보험 합계 1,130,000 단위 천원 구 분 당기말 전기말 원재료 135,069 재공품 3,201,531 2,573,534 합계 3,336,600 2,573,534 전자공시시스템 dart.fss.or.kr Page 143 8."
Layer_1_Identity,Business_Report_2026,1 당사는 당기 중 Liberatech Space Pte Ltd의 보통주 지분 5.75 를 신규 취득하였습니 다.
Layer_1_Identity,Business_Report_2026,2 당사는 당기 중 주식회사 보이저벤쳐스의 보통주 지분 10 를 신규 취득하였습니다.
Layer_1_Identity,Business_Report_2026,"2 전기 중 당사는 에이피위성 주 의 지분 24.72 를 63,399,800천원에 매입하였습니다."
Layer_1_Identity,Business_Report_2026,"유형자산 1 유형자산의 구성내역 당기말 1 당사는 K IFRS 제1036호 자산손상에 따라 유형자산의 손상 징후를 검토한 결과, 당기 말 기준 건설중인자산의 가치 하락과 예상 순현금흐름 및 영업손익의 유의적 악화가 확인되 었습니다."
Layer_1_Identity,Business_Report_2026,"2 당사는 제작이 완료된 위성을 해당 자산의 성격 및 용도를 고려하여 건설중인자산에서 기타유형자산으로 대체하였으며, 관련 손상차손누계액 또한 자산의 차감 계정으로 대체하였 습니다."
Layer_1_Identity,Business_Report_2026,"자본금, 자본잉여금과 기타자본 1 자본금의 구성내역 단위 천원 구 분 당기말 전기말 유동 예수금 136,517 120,756 부가세예수금 400,127 1,254,505 선수금 453,188 선수수익 4,290 공사손실충부채 43,390 73,342 유동성임대보증금 10,000 소계 1,047,512 1,448,603 비유동 장기미지급금 241,250 224,750 장기임대보증금 20,000 소계 241,250 244,750 합계 1,288,762 1,693,353 단위 주, 원, 천원 구 분 당기말 전기말 수권주식수 100,000,000주 100,000,000주 발행주식수 15,252,196주 14,991,476주 주당금액 500주 500원 보통주자본금 7,626,098천원 7,495,738천원 전자공시시스템 dart.fss.or.kr Page 162 2 납입자본금 및 기타자본의 변동내역 1 당사는 전기에 237,949주를 자기주식으로 취득하였습니다."
Layer_1_Identity,Business_Report_2026,"3 당사는 전기에 자기주식 취득을 목적으로 자본잉여금을 통해 결손금 150,000,000천원 을 보전하였습니다."
Layer_1_Identity,Business_Report_2026,"4 당사는 당기에 259,751주를 자기주식으로 취득하였습니다."
Layer_1_Identity,Business_Report_2026,"주식기준보상 1 주식매수선택권 및 우리사주매수선택권의 내역 1 주식매수선택권 당사는 주주총회 결의에 의거해서 회사의 임직원에게 주식매수선택권을 부여했으며, 그 주 요 내용은 다음과 같습니다."
Layer_1_Identity,Business_Report_2026,"주식매수선택권으로 발행한 주식의 종류 기명식 보통주식 부여방법 1차 및 2차 보통주 신주발행 또는 자기주식 교부 단, 행사가격이 주식의 실질가 액보다 낮은 경우 실질가액과 행사가격의 차액을 금전으로 지급받는 방법 선택 가능 3차 보통주 신주발행 가득조건 및 행사 가능 시점 1차 2021년 3월 22일 부여 부여일 이후 2년 이상 회사의 임직원으로 재직한 자에 한해 행사가능하며 3년 경과 시점부터 최초부여주식의 100 를 행사 2차 2022년 3월 30일 부여 부여일 이후 2년 이상 회사의 임직원으로 재직한 자에 한해 행사가능하며 3년 경과 시점부터 최초부여주식의 100 를 행사 3차 2023년 3월 28일 부여 부여일 이후 3년 이상 회사의 임직원으로 재직한 자에 한해 행사가능하며 3년 경과 시점부터 최초부여주식의 100 를 행사 2 우리사주매수선택권 당사는 주주총회 결의에 의거해서 회사의 임직원에게 우리사주매수선택권을 부여했으며, 그 주요 내용은 다음과 같습니다."
Layer_1_Identity,Business_Report_2026,"구 분 주식매수선택권 수량 단위 주 우리사주매수선택권 수량 단위 주 당기 전기 당기 전기 기초 잔여주 526,700 943,260 35,628 액면분할 및 무상증자 부여 행사 260,720 402,160 소멸 50,400 14,400 35,628 기말 잔여주 215,580 526,700 기말 가득된 주식수 45,180 305,900 구분 구분 부여일 최장만기일 가중평균잔여만기 행사가격 주식매수선택권 1차 2021 03 22 2026 03 21 0.3 1,667 2차 2022 03 30 2027 03 29 1.3 1,667 3차 2023 03 28 2028 03 27 2.3 10,833 전자공시시스템 dart.fss.or.kr Page 165 3 보상원가를 산정하기 위한 제반 가정 및 변수 당사는 부여된 주식결제형 주식매수선택권 및 우리사주매수선택권의 보상원가를 이항모형 을 이용한 공정가치접근법을 적용하여 산정하였으며, 보상원가를 산정하기 위한 제반 가정 및 변수는 다음과 같습니다."
Layer_1_Identity,Business_Report_2026,"고객과의 계약에서 생기는 수익 및 관련 계약자산과 계약부채 1 고객과의 계약에서 생기는 수익 1 수익으로 인식한 금액 2 고객과의 계약에서 생기는 수익의 구분 단위 천원 구 분 당기 전기 고객과의 계약에서 생기는 수익 38,996,527 29,347,591 단위 천원 구 분 지상국 솔루션 위성영상 솔루션 기타 합계 외부고객으로부터 수익 27,366,810 11,355,742 273,975 38,996,527 수익인식 시점 기간에 걸쳐 인식 26,754,596 10,564,396 37,318,992 한시점에 인식 612,214 791,345 273,976 1,677,535 지역별 구분 국내 18,825,251 7,256,224 113,811 26,195,286 해외 8,541,559 4,099,518 160,164 12,801,241 전자공시시스템 dart.fss.or.kr Page 168 2 원가기준 투입법 적용계약 1 공사계약 잔액 2 진행중인 계약의 누적공사원가 등 3 계약자산과 계약부채 전기말의 계약부채 잔액 중 당기에 수익으로 인식한 금액은 8,993,193천원입니다."
Layer_1_Identity,Business_Report_2026,"단위 천원 구 분 기초계약잔액 신규수주 공사수익 이월계약잔액 지상국솔루션 23,936,548 28,754,829 25,376,817 27,314,560 위성영상솔루션 11,006,285 9,933,799 10,564,396 10,375,688 합 계 34,942,833 38,688,628 35,941,213 37,690,248 단위 천원 구 분 누적공사원가 누적손익 계약자산 계약부채 지상국솔루션 24,705,433 4,242,744 3,224,278 9,794,716 위성영상솔루션 11,262,682 536,404 272,966 3,816,004 합 계 35,968,115 4,779,148 3,497,244 13,610,720 단위 천원 구 분 당기말 전기말 계약자산 미청구공사 3,497,244 187,973 대손충당금 소 계 3,497,244 187,973 계약부채 초과청구공사 13,610,720 8,993,193 전자공시시스템 dart.fss.or.kr Page 169 4 총계약원가의 추정치 변동 5 투입법을 적용하여 수익을 인식한 매출 중 당기말 현재 진행중인 주요 프로젝트는다음과 같습니다."
Layer_1_Identity,Business_Report_2026,"단위 천원 분 류 계약금액의 변동 추정총계약 원가의 변동 당기 손익에 미치는 영향 미래 손익에 미치는 영향 공사손익 변동금액 계약자산 변동 계약부채 변동 지상국 솔루션 213,774 76,227 235,511 54,490 290,001 628,278 338,277 위성영상 솔루션 36,530 950,283 908,869 4,884 913,753 114,297 1,028,050 단위 천원 구분 계약일 계약금액 진행률 누적매출액 계약자산 계약부채 지상국 2024 10 04 13,525,489 89 12,016,919 1,552,084 2023 12 27 13,087,240 79 10,381,340 3,132,610 2023 11 13 8,727,273 100 8,727,273 2025 12 10 8,642,880 34 2,933,988 1,367,109 2025 11 21 4,531,991 1 60,484 1,939,516 2023 12 19 4,439,091 100 4,439,091 2025 12 08 4,323,982 1 29,714 1,970,286 2025 12 10 4,125,943 0 474 1,999,526 2025 11 24 2,836,455 0 10,576 698,515 2025 01 01 1,649,091 86 1,412,071 10,656 2025 03 10 1,581,600 34 536,137 96,503 위성영상 2024 11 05 9,238,385 44 4,039,001 1,457,399 2025 03 04 6,309,909 58 3,666,828 932,590 2023 11 21 1,831,818 89 1,621,820 214,811 전자공시시스템 dart.fss.or.kr Page 170 26."
Layer_1_Identity,Business_Report_2026,당사는 보고기간말 현재 향후 사업계획의 불확실성을 고려하여 차감할 일시적 차이 및 이월결손금과 관련된 이연법인세 자산을 인식 하지 않았습니다.
Layer_1_Identity,Business_Report_2026,"상기 지급보증과 관련하여 대표이사로부터 11,152,306천원의 지급보증을 제공받고 있 으며, 당사의 금융상품을 담보로 제공하고 있습니다 주석6 참조 ."
Layer_1_Identity,Business_Report_2026,"한편, 당사는 기업은행으로부터 3,500,000천원의 원화지급보증을 제공받고 있으며, 이와 관 련하여 당사가 소유한 AP위성의 보통주식 1,000,000주를 담보로 제공하고 있습니다."
Layer_1_Identity,Business_Report_2026,"금융위험 당사는 금융상품과 관련하여 외환위험, 유동성위험, 이자율위험, 가격위험, 신용위험 등에 대 한 다양한 금융위험에 노출되어 있습니다."
Layer_1_Identity,Business_Report_2026,"당사는 전사적인 수준의 위험관리 정책 및 절차를 마련하여 운영하고 있으며, 회계팀에서 위험관리에 대한 총괄책임을 담당하고 있습니다."
Layer_1_Identity,Business_Report_2026,"1 외환위험 당사는 국제적으로 영업활동을 영위하고 있어 외환위험, 특히 주로 미국달러화에 대한 환율 변동위험에 노출되어 있습니다."
Layer_1_Identity,Business_Report_2026,"외환위험은 미래예상거래, 인식된 자산과 부채, 해외사업장 에 대한 순투자와 관련하여 발생하고 있습니다."
Layer_1_Identity,Business_Report_2026,"단위 천원 구 분 당기말 전기말 USD EUR AUD USD EUR AUD 금융자산 현금및현금성자산 3,760,894 3,442 178,645 3,550,640 81,421 112 매출채권및기타채권 2,932,890 3,294,244 단기대여금 2,869,800 장기대여금 151,715 76,437 금융부채 매입채무및기타채무 2,009,661 1,094,454 11,574 37,301 리스부채 1,619,288 232,297 1,816,965 289,866 전자공시시스템 dart.fss.or.kr Page 190 2 유동성위험 당사는 유동성에 대한 예측을 항시 모니터링하여 차입금 한도나 약정을 위반하는 일이 없도 록 하고 있습니다."
Layer_1_Identity,Business_Report_2026,"당사는 차입구조 개선, 고정 대 변동이자 차입조건의 적정비율 유지, 국내외 금 리동향 모니터링 및 대응방안 수립을 통해 이자율변동에 따른 위험을 최소화하고 있습니다."
Layer_1_Identity,Business_Report_2026,"단위 천원 구 분 당기말 전기말 고정이자율 금융자산 26,911,149 28,040,810 금융부채 변동이자율 금융자산 금융부채 전자공시시스템 dart.fss.or.kr Page 192 4 신용위험 당사는 기대신용손실 모형이 적용되는 다음의 금융자산을 보유하고 있습니다."
Layer_1_Identity,Business_Report_2026,1 매출채권 당사는 매출채권에 대해 전체 기간 기대신용손실을 손실충당금으로 인식하는 간편법을 적용합니다.
Layer_1_Identity,Business_Report_2026,"단위 천원 구 분 당기말 전기말 매출채권 3,058,569 9,160,135 손실충당금 42,256 40,796 단위 천원 구 분 당기 전기 기초 40,796 27,258 당기손익으로 인식된 손실충당금의 증감 1,460 13,538 기말 42,256 40,796 전자공시시스템 dart.fss.or.kr Page 193 5 자본위험관리 당사의 자본관리 목적은 계속기업으로서 주주 및 이해당사자들에게 이익을 지속적으로 제공 할 수 있는 능력을 보호하고 자본비용을 절감하기 위해 최적 자본구조를 유지하는 것입니다."
Layer_1_Identity,Business_Report_2026,당사는 조정부채비율에 기초하여 자본을 관리하고 있습니다.
Layer_1_Identity,Business_Report_2026,"배당 목표 결정시 사용하는 재무지표 및 산출방법 당사는 정관에 의거 이사회 결의를 통해 현금배당을 결정하고 주주총회의 승인에 의해 배당 을 실시할 수 있으며, 배당가능이익 범위 내에서 회사의 이익규모, 미래성장을 위한 투자재원 확보, 재무구조의 건전성 유지 등의 요인을 종합적으로 고려하여 배당을 결정하고 있습니다."
Layer_1_Identity,Business_Report_2026,배당관련 예측가능성 제공에 관한 사항 1.
Layer_1_Identity,Business_Report_2026,주요배당지표 구분 결산배당 분기 중간배당 정관상 배당액 결정 기관 주주총회 정관상 배당기준일을 배당액 결정 이후로 정할 수 있는지 여부 X X 배당절차 개선방안 이행 관련 향후 계획 구분 결산월 배당여부 배당액 확정일 배당기준일 배당 예측가능성 제공여부 비고 결산배당 2025년 12월 X 2025년 12월 31일 X 결산배당 2024년 12월 X 2024년 12월 31일 X 결산배당 2023년 12월 X 2023년 12월 31일 X 제54조 이익배당 이익배당은 금전 또는 금전 외의 재산으로 할 수 있다.
Layer_1_Identity,Business_Report_2026,과거 배당 이력 주 당사는 최근 5년간 배당을 실시한 이력이 없습니다.
Layer_1_Identity,Business_Report_2026,"2 최근 3사업연도 중 합병, 분할, 자산양수도 또는 영업양수도 사항 당사는 우주 Upstream 시장 분야의 사업 다각화 및 사업 시너지 창출을 위해 2024년 7월 26일 AP위성 주식회사의 발행주식 15,082,304주 중 3,729,400주를 인수 하였으며 인수가 기준일 2025년 12월 31일 단위 백만원 구 분 회차 납입일 증권신고서 등의 자금사용 계획 실제 자금사용 내역 금액차이 발생사유 용도차이 발생사유 사용용도 조달금액 사용내용 사용금액 기업공개 코스닥시장상장 2023.11.06 설비투자 39,000 운영자금 6,300 45,300 운영자금 설비투자 타법인증권취득 45,300 타법인주식취득으로 인한 공모자금 용도 차이 발생 기준일 2025년 12월 31일 단위 백만원 구 분 회차 납입일 주요사항보고서의 자금사용 계획 실제 자금사용 내역 금액차이 발생사유 용도차이 발생사유 사용용도 조달금액 사용내용 사용금액 제3자배정 유상증자 보통주 2021.03.27 운영자금 1,000 운영자금 1,000 제3자배정 유상증자 상환전환우선주 2021.03.27 운영자금 11,000 운영자금 11,000 제3자배정 유상증자 상환전환우선주 2022.05.26 운영자금 38,000 운영자금 38,000 제3자배정 유상증자 상환전환우선주 2022.06.10 운영자금 23,000 운영자금 타법인증권취득 23,000 제01회차 무보증 사모 CB 01 2024.06.28 타법인증권취득자금 30,000 타법인증권취득자금 30,000 전자공시시스템 dart.fss.or.kr Page 204 액은 63,399,800,000원 입니다."
Layer_1_Identity,Business_Report_2026,"기말 대손충당금 잔액합계 4,975,212 4,806,286 3,730,627 전자공시시스템 dart.fss.or.kr Page 205 당사는 매출채권에 대해 전체기간 기대신용손실금액을 대손충당금으로 인식하는 간편법을 적용합니다."
Layer_1_Identity,Business_Report_2026,"수주계약 현황 1 진행률 적용 수주계약 현황 별도 단위 천원 구분 6월 이하 6월 초과 1년 초과 3년 초과 계 1년 이하 3년 이하 금액 일반 8,406 203 1,016 9,625 특수관계자 계 8,406 203 1,016 9,625 구성비율 87.3 0.0 2.1 10.6 100.0 단위 천원 사업부문 계정과목 제11기 제10기 제9기 비고 솔루션별 제품 원재료 16,152,996 16,480,435 재공품 4,693,651 3,967,856 1,262,297 제품 49,397 상품 812,745 합 계 20,846,647 21,310,433 1,262,297 총자산대비 재고자산 구성비율 7.63 7.64 1.04 재고자산합계 기말자산총계 100 재고자산회전율 회수 3.59회 4.98회 11.01회 연환산 매출원가 기초재고 기말재고 2 단위 원 회사명 품목 발주처 계약일 공사기한 수주총액 진행률 미청구공사 공사미수금 총액 손상차손 누계액 총액 대손 충당금 컨텍 하드웨어 및 소프트웨어 01 개발 지상체개발사업 B사 2023.12.27 2028.05.31 13,087,240,000 74.92 3,132,610,246 컨텍 CROWLEY PROGRAM8.8M RADOME I사 2024.10.04 2025.11.28 12,595,074,100 100.00 컨텍 위성광학탑재체 및 위성영상전처리시스템 설계 등 H사 2024.11.05 2026.11.06 9,201,855,000 30.40 전자공시시스템 dart.fss.or.kr Page 206 주1 기업공시서식 작성기준 제5 5 4조 수주계약 현황 에 따라 진행률 측정에 사용하는 수 주계약은 계약수익금액이 직전사업연도 재무제표상 매출액의 5 이상인 계약별로 기재하였 습니다."
Layer_1_Identity,Business_Report_2026,2 진행률 적용 수주계약 현황 연결 주1 기업공시서식 작성기준 제5 5 4조 수주계약 현황 에 따라 진행률 측정에 사용하는 수 주계약은 계약수익금액이 직전사업연도 재무제표상 매출액의 5 이상인 계약별로 기재하였 습니다.
Layer_1_Identity,Business_Report_2026,"공정가치평가 내역 컨텍 00부대 위성영상 수신안테나 구축 및 예비품 D사 2023.11.13 2025.08.31 8,727,272,727 100.00 컨텍 하드웨어 및 소프트웨어 02 개발 B사 2025.12.10 2028.05.31 8,642,880,240 33.95 컨텍 수자원 영상위성 운영시스템 납품 G사 2025.03.04 2028.02.10 6,503,727,273 20.19 컨텍 수자원통신위성 수문자료 수집 안테나 제작 설치 R사 2025.12.10 2027.12.20 4,531,990,909 1.33 컨텍 7.3m 급 S X band 겸용 안테나 시스템 C사 2023.12.19 2025.07.31 4,439,090,909 99.83 컨텍 낙동강홍수통제소 수자원통신위성 지상국 장비 제조 구매 설치 S사 2025.12.08 2027.12.07 4,323,981,818 0.69 컨텍 영산강홍수통제소 홍수예보 통신위성 수문자료 수집장치 구축 T사 2025.12.10 2028.03.29 4,125,942,818 0.01 컨텍 온실가스 관측 초소형위성 개발 관제수신 기술개발 U사 2025.11.24 2029.05.07 2,836,454,545 0.37 컨텍 표준영상 생성 시스템 SAR 구매 1차년도 G사 2023.11.21 2027.03.01 1,831,818,182 73.47 214,810,621 컨텍 위성기반 접경모니터링 고해상도 위성영상 제조구매 G사 2024.05.14 2027.01.21 1,746,327,273 70.41 2,728 컨텍 위성 지상 안테나시스템 유지보수 및 운용관리 P사 2025.01.01 2026.02.28 1,649,090,909 85.63 컨텍 지상체 해외지상국 운용 B사 2025.03.10 2027.12.31 1,581,600,000 23.49 213,408,026 합 계 3,560,831,621 단위 원 회사명 품목 발주처 계약일 공사기한 수주총액 진행률 미청구공사 공사미수금 총액 손상차손 누계액 총액 대손 충당금 AP위성 다목적실용위성7호 탑재체 기기자료처리장치 개발 A사 2017.04.06 2025.12.31 14,085,454,545 100.00 컨텍 하드웨어 및 소프트웨어 01 개발 지상체개발사업 B사 2023.12.27 2028.05.31 13,087,240,000 74.92 3,132,610,246 AP위성 SAR위성탑재체 DLS고출력증폭기 및 변조기 A사 2019.03.29 2025.09.26 12,926,937,000 100.00 컨텍 CROWLEY PROGRAM8.8M RADOME D사 2024.10.04 2025.11.28 12,595,074,100 100.00 AP위성 다목적실용위성7A호탑재체처리장치개발 A사 2020.06.29 2025.06.30 12,309,090,909 97.72 22,970,853 AP위성 한국형 위성항법시스템 위성 탑재컴퓨터 설계 제작 A사 2022.12.09 2027.12.30 10,885,454,545 55.83 3,953,014,221 AP위성 정지궤도 공공복합 통신위성 탑재컴퓨터 설계 제작 A사 2021.12.21 2027.04.30 9,495,834,545 91.40 453,981,782 컨텍 위성광학탑재체 및 위성영상전처리시스템 설계 등 G사 2024.11.05 2026.11.06 9,201,855,000 30.40 컨텍 00부대 위성영상 수신안테나 구축 및 예비품 D사 2023.11.13 2025.08.31 8,727,272,727 100.00 컨텍 하드웨어 및 소프트웨어 02 개발 B사 2025.12.10 2028.05.31 8,642,880,240 33.95 AP위성 KPS 항법탑재체 L6 S 항법신호 송신부 개발 J사 2023.09.26 2026.06.30 7,118,181,818 29.50 3,214,565,358 AP위성 KPS 항법탑재체 L6 S 보정신호 수신부 개발 J사 2023.09.21 2026.06.30 6,933,636,363 32.74 3,278,608,632 AP위성 차세대중형위성4,5호기용 표준탑재컴퓨터 비행모델 A사 2020.05.20 2025.10.15 6,526,670,000 95.87 컨텍 수자원 영상위성 운영시스템 납품 G사 2025.03.04 2028.02.10 6,503,727,273 20.19 AP위성 우주환경 테스트 플랫폼 시제품 개발 국산화 제조용역 A사 2023.12.28 2026.02.27 4,609,090,909 76.01 1,337,485,837 컨텍 수자원통신위성 수문자료 수집 안테나 제작 설치 R사 2025.12.10 2027.12.20 4,531,990,909 1.33 컨텍 7.3m 급 S X band 겸용 안테나 시스템 C사 2023.12.19 2025.07.31 4,439,090,909 99.83 AP위성 ISAT 3 개발 W사 2025.08.04 2026.12.04 4,349,510,514 18.25 474,547,282 컨텍 낙동강홍수통제소 수자원통신위성 지상국 장비 제조 구매 설치 S사 2025.12.08 2027.12.07 4,323,981,818 0.69 컨텍 영산강홍수통제소 홍수예보 통신위성 수문자료 수집장치 구축 T사 2025.12.10 2028.03.29 4,125,942,818 0.01 AP위성 KPS UMTS SAS A사 2024.04.04 2028.12.31 3,850,000,000 90.42 2,044,631,187 AP위성 검증위성용 AIS 탑재체 개발 J사 2023.06.30 2026.03.31 3,697,272,727 100.00 178,578,280 합 계 7,167,852,832 10,923,140,846 전자공시시스템 dart.fss.or.kr Page 207 당사의 금융상품의 공정가치와 그 평가방법은 III."
Layer_1_Identity,Business_Report_2026,"예측정보에 대한 주의사항 당사가 동 사업보고서에서 미래에 발생할 것으로 예상, 예측한 활동, 사건 또는 현상은 당해 공시서류 작성시점의 사건 및 재무성과에 대하여 회사의 견해를 반영한 것입니다."
Layer_1_Identity,Business_Report_2026,"동 예측정 보는 미래 사업환경과 관련된 다양한 가정에 기초하고 있으며, 동 가정들은 결과적으로 부정 확한 것으로 판명될 수도 있습니다."
Layer_1_Identity,Business_Report_2026,당사는 동 예측정보 작성시점 이후에 발생하는 위험 또는 불확실성을 반영하기 위하여 예측 정보에 기재한 사항을 수정하는 정정보고서를 공시할 의무는 없습니다.
Layer_1_Identity,Business_Report_2026,"결론적으로, 동 사업 보고서상에 회사가 예상한 결과 또는 사항이 실현되거나 회사가 당초에 예상한 영향이 발생 한다는 확신을 제공할 수 없습니다."
Layer_1_Identity,Business_Report_2026,"사업연도 구분 감사인 감사의견 의견변형사유 계속기업 관련 중요한 불확실성 강조사항 핵심감사사항 제11기 당기 감사보고서 대주회계법인 적정의견 해당사항 없음 해당사항 없음 투입법에 따른 진행률 추정 연결감사 보고서 대주회계법인 적정의견 해당사항 없음 해당사항 없음 투입법에 따른 진행률 추정 제10기 전기 감사보고서 대주회계법인 적정의견 해당사항 없음 해당사항 없음 투입법에 따른 진행률 추정 연결감사 보고서 대주회계법인 적정의견 해당사항 없음 해당사항 없음 투입법에 따른 진행률 추정 제9기 전전기 감사보고서 대주회계법인 적정의견 해당사항 없음 해당사항 없음 수익인식의 적정성 평가 연결감사 보고서 대주회계법인 적정의견 해당사항 없음 해당사항 없음 수익인식의 적정성 평가 단위 백만원, 시간 사업연도 감사인 내 용 감사계약내역 실제수행내역 보수 시간 보수 시간 제11기 당기 대주회계법인 중간감사 및 내부회계관리제도 감사수준 검토 분 반기 재무제표의 검토 별도 및 연결 재무제표에 대한 감사 130 1,300 130 1,300 제10기 전기 대주회계법인 중간감사 및 내부회계관리제도 감사수준 검토 분 반기 재무제표의 검토 별도 및 연결 재무제표에 대한 감사 125 1,250 125 1,250 제9기 전전기 대주회계법인 중간감사 및 내부회계관리제도 감사수준 검토 분 반기 재무제표의 검토 별도 및 연결 재무제표에 대한 감사 80 1,130 80 1,130 사업연도 계약체결일 용역내용 용역수행기간 용역보수 비고 제11기 당기 2026.02.25 법인세 세무조정 2025.01.01 2025.12.31 8,000,000 컨텍 제10기 전기 2025.03.07 법인세 세무조정 2024.01.01 2024.12.31 8,000,000 컨텍 제9기 전전기 2023.12.15 법인세 세무조정 2023.01.01 2023.12.31 9,500,000 컨텍과 종속기업 전자공시시스템 dart.fss.or.kr Page 212 5."
Layer_1_Identity,Business_Report_2026,감사 위원회 의 내부회계관리제도 효과성 평가 결과 사업연도 네트워크 회계법인명 계약체결일 용역내용 용역수행기간 용역보수 비고 제11기 당기 제10기 전기 제9기 전전기 구분 일자 참석자 방식 주요 논의 내용 1 2025.02.08 회사측 감사 감사측 업무수행이사 외 1명 서면회의 기말감사결과 협의 2 2026.02.27 회사측 감사 감사측 업무수행이사 외 1명 서면회의 기말감사결과 협의 사업연도 구분 운영실태 보고서 보고일자 평가 결론 중요한 취약점 시정조치 계획 등 제11기 당기 내부회계 관리제도 2026.03.12 중요성의 관점에서 효과적으로 설계되어 운영되고 있다고 판단 해당사항 없음 해당사항 없음 연결내부회계 관리제도 제10기 전기 내부회계 관리제도 2025.03.10 중요성의 관점에서 효과적으로 설계되어 운영되고 있다고 판단 해당사항 없음 해당사항 없음 연결내부회계 관리제도 제9기 전전기 내부회계 관리제도 2024.02.16.
Layer_1_Identity,Business_Report_2026,중요성의 관점에서 효과적으로 설계되어 운영되고 있다고 판단 해당사항 없음 해당사항 없음 연결내부회계 관리제도 사업연도 구분 평가보고서 보고일자 평가 결론 중요한 취약점 시정조치 계획 등 제11기 당기 내부회계 관리제도 2026.03.12 중요성의 관점에서 효과적으로 설계되어 운영되고 있다고 판단 해당사항 없음 해당사항 없음 연결내부회계 관리제도 제10기 당기 내부회계 2025.03.10 중요성의 관점에서 효과적으로 설계되어 운영되고 있다고 판단 해당사항 없음 해당사항 없음 전자공시시스템 dart.fss.or.kr Page 213 다.
Layer_1_Identity,Business_Report_2026,"회계담당자의 경력 및 교육실적 관리제도 연결내부회계 관리제도 제9기 전기 내부회계 관리제도 2024.02.16 중요성의 관점에서 효과적으로 설계되어 운영되고 있다고 판단 해당사항 없음 해당사항 없음 연결내부회계 관리제도 사업연도 구분 감사인 유형 감사 검토 감사의견 또는 검토결론 지적사항 회사의 대응조치 제11기 당기 내부회계 관리제도 대주회계법인 감사 적정의견 해당사항 없음 해당사항 없음 연결내부회계 관리제도 제10기 당기 내부회계 관리제도 대주회계법인 검토 검토의견 미변형 표 준보고 해당사항 없음 해당사항 없음 연결내부회계 관리제도 제9기 전기 내부회계 관리제도 대주회계법인 검토 검토의견 미변형 표 준보고 해당사항 없음 해당사항 없음 연결내부회계 관리제도 소속기관 또는 부서 총 원 내부회계담당인력의 공인회계사 자격증 보유비율 내부회계담당 인력의 평균경력월수 내부회계 담당인력수 A 공인회계사자격증 소지자수 B 비율 B A 100 감사 1 1 98 이사회 5 1 132 회계담당부서 3 2 139 직책 직위 성명 회계담당자 등록여부 경력 단위 년, 개월 교육실적 단위 시간 근무연수 회계관련경력 당기 누적 내부회계관리자 변재윤 1년 11개월 15년 2개월 재무회계담당 고요섭 Y 2년 1개월 8년 6개월 내부회계담당 고요섭 Y 2년 1개월 8년 6개월 전자공시시스템 dart.fss.or.kr Page 214 전자공시시스템 dart.fss.or.kr Page 215 VI."
Layer_1_Identity,Business_Report_2026,2 이사회내 위원회 구성 현황과 그 활동내역 당사는 보고서 제출일 현재 해당사항 없습니다.
Layer_1_Identity,Business_Report_2026,"1 주주총회의 소집과 이에 부의할 안건에 관한 사항 2 경영전반에 관한 사항 3 조직 및 직제의 제정 및 개폐에 관한 사항 4 이사 및 이사 아닌 임원의 선임 및 해임에 관한 사항 5 보수, 기밀비의 결정에 관한 사항 6 신규사업 및 투자, 매각, 결손의 처리에 관한 사항 7 신주의 발행, 주식의 발행, 사채의 발행, 자금의 차입 등 자금조달에 관한 사 항 8 이사회운영에 관한 사항 9 본점이전 및 지점설치에 관한 사항 10 기타 법령, 정관 및 주주총회에서 위임받은 사항과 이사회에서 필요하다고 인정하는 사항 회차 개최일자 의안내용 가결여부 비고 사내이사 사외이사 이성희 서동춘 이재원 김재현 곽수영 100 100 100 100 100 찬반여부 1 2025.01.07 타법인 주식 취득 결정의 건 가결 이사회 찬성 찬성 찬성 찬성 찬성 2 2025.02.13 제10기 재무제표 및 영업보고서 승인의 건 가결 이사회 찬성 찬성 찬성 찬성 찬성 3 2025.03.10 제10기 정기주주총회 소집의 건 가결 이사회 찬성 찬성 찬성 찬성 찬성 4 2025.04.16 타법인 주식 취득 결정의 건 가결 이사회 찬성 찬성 찬성 찬성 찬성 5 2025.05.20 컨텍 미국 자회사 대여 추진의 건 가결 이사회 찬성 찬성 찬성 찬성 찬성 6 2025.06.10 자기주식취득 신탁계약 체결에 관한 건 3회차 가결 이사회 찬성 찬성 찬성 찬성 찬성 7 2025.06.17 금융기관 자금 차입의 건 지급보증 가결 이사회 찬성 찬성 찬성 찬성 찬성 8 2025.10.24 업무용 사무실 임차의 건 가결 이사회 찬성 찬성 찬성 찬성 찬성 9 2025.12.18 사내 규정 개정의 건 가결 이사회 찬성 찬성 찬성 찬성 찬성 전자공시시스템 dart.fss.or.kr Page 217 이사는 주주총회에서 선임하며, 주주총회에서 선임할 사내이사 및 사외이사 후보자는 이사 회가 선정하여 주주총회에 제출할 의안으로 확정하고 있습니다."
Layer_1_Identity,Business_Report_2026,2 사외이사 선출을 위한 위원회 당사는 보고서 제출일 현재 위원회를 별도로 설치하고 있지 않습니다.
Layer_1_Identity,Business_Report_2026,"사외이사의 전문성 1 사외이사 현황 2 이사 지원조직현황 당사는 이사의 업무 수행에 따른 별도 지원조직은 구성되어 있지 않으며, 이사의 업무 수행 을 위해 경영지원실에서 해당 업무를 지원하고 있습니다."
Layer_1_Identity,Business_Report_2026,"감사제도에 관한 사항 당사는 보고서 제출일 현재 감사위원회를 설치하고 있지 않으며, 주주총회 결의에 의하여 선 성명 주요 경력 최대주주등과의 이해관계 결격요건 여부 김재현 아주대학교 정보통신대학 학장 아주대학교 정보통신대학 교수 한양대학교 전자계산학과 공학박사 없음 미해당 곽수영 한밭대학교 전자공학 교수 연세대학교 Computer Science 박사 없음 미해당 사외이사 교육 실시여부 사외이사 교육 미실시 사유 미실시 당사 사외이사는 해당 분야의 전문가 대학교 교수 로 구성되어 있 어, 충분한 자격 요건으로 교육을 미실시 하였습니다."
Layer_1_Identity,Business_Report_2026,전자공시시스템 dart.fss.or.kr Page 218 임된 감사 1인이 당사 정관 제 47조 감사의 직무 등 에서 규정하고 있는 감사의 직무에 따라 감사업무를 충실히 수행하고 있습니다.
Layer_1_Identity,Business_Report_2026,"감사의 독립성 당사는 정관, 감사직무규정에 감사에 관한 규정을 두어 감사의 권한, 책임, 운영방안 등을 규 정하고 있으며 주요 내용은 아래와 같습니다."
Layer_1_Identity,Business_Report_2026,"감사 지원조직 현황 당사는 감사의 업무 수행에 따른 별도 지원조직은 구성되어 있지 않으며, 감사의 업무 수행 을 위해 경영지원실에서 해당 업무를 지원하고 있습니다."
Layer_1_Identity,Business_Report_2026,준법지원인 등에 관한 사항 당사는 보고서 제출일 현재 해당사항이 없습니다.
Layer_1_Identity,Business_Report_2026,결산일 12월 31일 정기주주총회 매 사업연도 종료 후 3월 이내 전자공시시스템 dart.fss.or.kr Page 222 바.
Layer_1_Identity,Business_Report_2026,"미등기임원 보수 현황 기준일 2025년 12월 31일 단위 주 성명 성별 출생년월 직위 등기임원 여부 상근 여부 담당 업무 주요경력 소유주식수 최대주주와의 관계 재직기간 임기 만료일 의결권 있는 주식 의결권 없는 주식 이성희 남 1975.06 대표이사 사내이사 상근 대표이사 Carleton University 방문연구원 한국항공우주연구원 선임연구원 3,599,820 본인 2015년 2026.03.28 이재원 남 1970.09 부사장 사내이사 상근 우주사업총괄 미국 국립대기연구소 방문연구원 공군 전역 75,200 임원 2020년 2028.03.28 안재봉 남 1960.08 부사장 미등기 상근 국방우주사업총괄 한화시스템 고문 전무 공군 전역 임원 2023년 신창호 남 1971.03 부사장 미등기 상근 우주사업부분총괄 SK주식회사 97,088 임원 2021년 서동춘 남 1984.09 전무이사 사내이사 상근 경영관리총괄 카스타 304,760 임원 2015년 2028.03.28 강주형 남 1986.01 상무이사 미등기 상근 위성영상사업총괄 한국전자기술연구원 95,000 임원 2018년 최기환 남 1985.02 상무이사 미등기 상근 위성기술사업총괄 카스타 96,120 임원 2015년 김재현 남 1969.07 사외이사 사외이사 비상근 사외이사 아주대학교 정보통신대학 교수 임원 2023년 2026.05.25 곽수영 여 1980.10 사외이사 사외이사 비상근 사외이사 한밭대학교 전자공학 교수 임원 2023년 2026.05.25 정성호 남 1977.05 감사 감사 비상근 감사 법률사무소 늘벗 대표변호사 임원 2022년 2028.03.28 기준일 2025년 12월 31일 단위 백만원 직원 소속 외 근로자 비고 사업부문 성별 직 원 수 평 균 근속연수 연간급여 총 액 1인평균 급여액 남 여 계 기간의 정함이 없는 근로자 기간제 근로자 합 계 전체 단시간 근로자 전체 단시간 근로자 사무직 남 17 2 19 3.8 1,467 77 사무직 여 7 7 4.3 341 49 연구직 남 57 57 5.8 3,508 62 연구직 여 16 16 4.0 716 45 기술직 남 5 5 2.8 191 38 기술직 여 5 5 3.1 231 46 합 계 107 2 109 4.0 6,454 59 기준일 2025년 12월 31일 단위 백만원 구 분 인원수 연간급여 총액 1인평균 급여액 비고 전자공시시스템 dart.fss.or.kr Page 227 마."
Layer_1_Identity,Business_Report_2026,"임원에 대한 주식매수선택권 부여내역 1 이사 감사에게 부여 주식매수선택권 상여 주식매수선택권 행사이익 기타 근로소득 퇴직소득 기타소득 단위 천원 이름 직위 보수총액 보수총액에 포함되지 않는 보수 단위 이름 보수의 종류 총액 산정기준 및 방법 근로소득 급여 상여 주식매수선택권 행사이익 기타 근로소득 퇴직소득 기타소득 단위 천원 구 분 부여받은 인원수 주식매수선택권의 공 정가치 총액 비고 등기이사 사외이사, 감사위원회 위원 제외 2 53,238 사외이사 감사위원회 위원 제외 감사위원회 위원 또는 감사 전자공시시스템 dart.fss.or.kr Page 230 2 주식매수선택권의 부여 및 행사현황 공시서류작성기준일 2025년 12월 31일 현재 종가 11,220원 업무집행지시자 등 계 2 53,238 주1 주식매수선택권의 공정가치 총액은 당해 사업연도 손익계산서에 주식매수선택권과 관련하여 비용으로 계상된 금액을 기재하였습니다."
Layer_1_Identity,Business_Report_2026,"당사는 공시서류작성기준일 이전 단일판매 공급계약체결과 관련된 모든 진행상황을 기 재 하였으며, 이에 대한 주요내용 변경 및 미이행사항은 없습니다."
Layer_1_Identity,Business_Report_2026,"진행상황 기준일 2025.12.31 단위 원 신고일자 계약내역 계약금액총액 판매 공급금액 대금수령금액 계약명 계약상대방 계약기간 주요 계약조건 조건부 계약금액 당기 누적 당기 누적 2023.11.14 OO부대 안테나시스템 예비품포함 구축 유보 2024.01.01 2025.08.31 8,727,272,727 3,959,597,709 8,727,272,727 1,920,000,000 9,600,000,000 2023.11.22 표준영상 생성시스템 SAR Processor 구매 한국수자원공사 2023.11.22 2027.03.01 1차년도 781,800,782 2차 4차년도 1,050,017,399 1,831,818,181 538,290,262 1,621,820,403 344,916,000 1,545,608,660 2023.12.19 7.3m급 S X band 겸용 안테나 시스템 제작 국방과학연구소 2023.12.19 2025.07.31 4,439,090,909 2,169,031,444 4,439,090,909 1,483,000,000 4,883,000,000 2023.12.27 하드웨어 및 소프트웨어 01 개발 유보 시스템 제조업체 2023.12.27 2028.05.31 13,087,240,000 4,925,334,276 10,381,340,246 7,973,603,000 2024.07.25 수자원위성 활용기술 개발 한국수자원공사 2024.07.25 2027.03.26 1,090,980,000 361,002,522 731,289,836 420,703,110 840,612,610 2024.07.26 위성기반 접경모니터링 고해상도 위성영상 제 조구매 한국수자원공사 2024.07.26 2027.01.21 1차년도 527,272,728원 2025.01월 예정 잔 금 1,054,545,454원 2027.01월 예정 1,581,818,182 738,181,819 1,429,963,638 811,997,000 1,572,957,000 2024.10.07 해외 지상국 레이돔 구축 사업 유보 해외 기업 2024.10.04 2025.11.28 선금 20 Invoice 발행 후 1개월 Milestone에 따른 분할 지급 80 12,595,074,100 6,875,400,246 12,016,918,662 8,116,133,356 13,569,002,412 2024.11.06 농림 환경 관측용 위성광학탑재체 및 위성영상전처리시스템 설계 개발 계약 Ghalam LLP 카자흐스탄 2024.11.05 2026.11.04 선금 30 Invoice 발행 후 1개월 중도금 20 계약일 기준 6개월 Milestone에 따른 분할 지급 42.4 잔금 7.6 8,913,450,000 3,958,688,832 4,039,000,766 910,260,000 3,584,295,000 2025.01.02 위성 지상 안테나시스템 유지보수 및 운용 관 리 한국항공우주연구원 2025.01.01 2025.12.31 매 분기별 균등 지급 1,422,727,273 1,412,071,257 1,412,071,257 1,565,000,000 1,565,000,000 2025.03.04 수자원 영상위성 운영시스템 구축용역 한국수자원공사 2025.03.04 2028.02.10 선금 30 계약체결후 3개월 이내 지급 1차년도 40 2025년말 지급 2차년도 15 2026년말 지급 3차년도 15 2028년 2월이내 지급 6,503,727,272 3,666,828,350 3,666,828,350 5,059,360,460 5,059,360,460 2025.03.10 지상체 해외지상국 운용 유보 2025.03.10 2027.12.31 선금 10 착수 시 중도금 1차 30 2025년 11월 말 지급 중도금 2차 40 2026년 11월 말 지급 잔금 20 2027월 말 지급, 용역 완료 시 1,581,600,000 536,137,319 536,137,319 695,904,000 695,904,000 2025.11.21 수자원통신위성 수문자료 수집안테나 제작설 치 기후에너지환경부 한강홍수통제소 2025.11.21 2027.12.21 계약후 240일 44 중도금 44 26년말 잔금 12 27년 7월말 4,531,990,909 60,484,281 60,484,281 2,200,000,000 2,200,000,000 전자공시시스템 dart.fss.or.kr Page 235 주1 당사는 공시규정 제6조제1항제1호다목 에 따라 최근 사업연도 매출액의 100분의 10이 상의 단일판매계약 또는 공급계약 체결시 공시를 하고 있습니다."
Layer_1_Identity,Business_Report_2026,대금 미수령 사유 당사는 공시서류작성기준일 현재 누적 대금수령금액이 0인 상황이 없으므로 해당사항 없 습니다.
Layer_1_Identity,Business_Report_2026,"향후 추진 계획 당사는 향후 공급, 대금수령 등과 관련하여 추가 수주와 기성금 수금 등에 노력을 기울일 것이며, 상기 계약내역과 관련하여 변동사항이 생길 경우는 단일판매 공급계약체결 변 경공시를 통해 관련 내용을 반영할 예정입니다."
Layer_1_Identity,Business_Report_2026,우발부채 등에 관한 사항 당사는 보고서 제출일 현재 해당사항이 없습니다.
Layer_1_Identity,Business_Report_2026,제재 등과 관련된 사항 당사는 보고서 제출일 현재 해당사항이 없습니다.
Layer_1_Identity,Business_Report_2026,"매출액 미달에 대한 관리종목 지정유예 현황 최근 사업연도 매출액 30억원 미만 기준일 2025년 12월 31일 단위 주 주식의 종류 예수주식수 예수일 반환예정일 보호예수기간 보호예수사유 총발행주식수 보통주 3,978,003 2023년 11월 09일 2026년 11월 08일 3년 한국거래소 상장규정에 따른 의무보유 최대주주등 15,252,196 기준 재무제표 연결 상장일 2023.11.09 , 인수인 대신증권 주 단위 백만원 추정대상 계정과목 예측치 실적치 예측치 달성 여부 괴리율 2023년 매출액 22,710 15,814 미달성 30.37 영업이익 1,888 9,983 미달성 628.76 당기순이익 45,350 64,886 미달성 43.08 2024년 매출액 50,200 68,983 달성 영업이익 13,408 12,113 미달성 190.34 당기순이익 15,483 19,141 미달성 223.63 2025년 매출액 70,400 86,898 달성 영업이익 19,450 16,170 미달성 183.14 당기순이익 21,936 10,342 미달성 147.15 기준일 2025년 12월 31일 단위 백만원 요건별 회사 현황 관리종목 지정요건 해당여부 관리종목지정유예 사업연도 매출금액 해당여부 사유 종료시점 2025년 38,997 미해당 해당 상장연도 포함 5개 사업연 도 동안 유예, 코스닥시장 상장규정 제53조 1항 1호 가목 요건을 충족하는 기 술성장기업 2028년 12월 31일 전자공시시스템 dart.fss.or.kr Page 239 계속사업손실에 대한 관리종목 지정유예 현황 자기자본 50 이상 10억원 이상에 한함 의 법인세차감전계속사업손실이 최근 3년간 2회 이 상 및 최근 사업연도 법인세차감전계속 사업손실 발생 기준일 2025년 12월 31일 단위 백만원, 요건별 회사 현황 관리종목 지정요건 해당여부 관리종목지정유예 사업연도 법인세 차감전 계속사업손익 A 자기자본금액 B 비율 A B 해당 여부 종료 시점 2023년 62,761 109,714 57.20 미해당 해당 2026.12.31 2024년 17,720 188,211 9.41 2025년 11,452 177,990 6.43 주1 상장일 2023년 11월 9일 기술성장기업 특례상장 당사는 코스닥시장상장규정 제2조 제31항에 서 정하는 기술성장기업으로서, 동 규정 제7조 제2항의 신규상장심사요건 특례 요건을 적용하여 2023년 11월 9일 코스닥시장에 상장하였습니다."
Layer_1_Identity,Business_Report_2026,"주2 매출액 요건의 경우, 기술성장기업은 신규상장일이 속하는 사업연도의 그 다음 사업년도 상장일로 부터 상장일이 속한 사업연도의 말일까지 기간이 3월미만인 경우에는 그 다음 사업연도 까지 연속 하는 5개 사업연도까지 지정 유예되며, 2029년 부터 대상이 됩니다."
Layer_1_Identity,Business_Report_2026,"주4 자기자본 50 이상의 법인세비용차감전계속사업손실 요건의 경우, 기술성장기업은 신규상장일이 속하는 사업연도 2023년 를 제외하고 상장일로부터 상장일이 속한 사업연도의 말일까지 기간이 3월미만인 경우에는 그 다음 사업연도 연속하는 3개 사업연도 2026년까지 에 대해 해당 요건을 적용 받지 않습니다."
Layer_1_Identity,Business_Report_2026,"타법인출자 현황 상세 본문 위치로 이동 단위 천원 상호 설립일 주소 주요사업 최근사업연도말 자산총액 지배관계 근거 주요종속 회사 여부 씨에스오 2023.04.03 대전광역시 유성구 지족로148번길 5 29, 3층 지 족동 정보통신업 4,034,648 실질지배력 기업회계기준서 1110호 7 Contec Space S.ar.l."
Layer_1_Identity,Business_Report_2026,"본문 위치로 이동 기준일 2025년 12월 31일 단위 천원, 주, 법인명 상장 여부 최초취득일자 출자 목적 최초취득금액 기초잔액 증가 감소 기말잔액 최근사업연도 재무현황 수량 지분율 장부 가액 취득 처분 평가 손익 수량 지분율 장부 가액 총자산 당기 순손익 수량 금액 Contec Space S.A R.L."
Layer_2_Curated_Image,Homepage_PR_News,CONTEC CONTEC Family APSI TXSpace KOR ENG 메뉴 전체보기 메뉴보기 memu close APSI APSI TXSpace TXSpace TEL 042 863 4223 FAX 042 863 4524 E MAIL info contec.kr ABOUT US 컨텍소개 컨텍소개 컨텍 그룹소개 컨텍 사람들 연혁 파트너 오시는길 문의사항 SOLUTION 지상국 시스템 엔지니어링 지상국 Trun key 솔루션 지상국 운영 소프트웨어 글로벌 지상국 서비스 글로벌 지상국 네트워크 지상국 호스팅 서비스 위성영상 자료처리 광학위성처리 솔루션 레이더 위성처리 솔루션 위성영상 분석 SPACE STUDIO 위성관제 솔루션 위성관제 운영서비스 위성관제 엔지니어링 위성영상 판매 KOMPSAT 위성영상 ICEYE 위성영상 컨텍 오름 위성영상 RECRUIT MEMBERSHIP Membership 맴버쉽 소개 및 가입 뉴스레터 PR CENTER 뉴스 이벤트 행사 Asian Space Park ASP 공시정보 게시판 ISS ABOUT US 컨텍소개 컨텍소개 컨텍 그룹소개 컨텍 사람들 연혁 파트너 오시는길 문의사항 SOLUTION 지상국 시스템 엔지니어링 지상국 Trun key 솔루션 지상국 운영 소프트웨어 글로벌 지상국 서비스 글로벌 지상국 네트워크 지상국 호스팅 서비스 위성영상 자료처리 광학위성처리 솔루션 레이더위성처리 솔루션 위성영상 분석 SPACE STUDIO 위성관제 위성관제시스템 운영서비스 위성관제시스템 엔지니어링 위성영상 판매 KOMPSAT 위성영상 ICEYE 위성영상 컨텍 오름 위성영상 RECRUIT 컨텍 사람들 채용안내 MEMBERSHIP 맴버쉽 소개 맴버쉽 소개 및 가입 뉴스레터 PR CENTER 뉴스 이벤트 행사 Asian Space Park ASP 공시정보 게시판 ISS PR CENTER 컨텍은 우리가 꿈꾸는 모든것을 인류와 함께 공유하고 창출하고자 우주로 나아갑니다.
Layer_2_Curated_Image,Homepage_PR_News,뉴스 이벤트 행사 Asian Space Park ASP 공시정보 게시판 뉴스 메뉴닫기 메뉴열기 뉴스 이벤트 행사 Asian Space Park ASP 공시정보 게시판 뉴스 이벤트 행사 Asian Space Park ASP 공시정보 게시판 News 컨텍의 소식을 가장 빠르게 만나보세요.
Layer_2_Curated_Image,Homepage_PR_News,"VIEW MORE 기고문 대한민국의 우주산업, 연결과 기다림 이 답 2025.12.24.어느덧 새로운 정부가 출범한지 반년이 넘어가고 있고, 이 짧은 기간에도 불구하고 국민과 새 정부의 노력으로 얼마나 대한민국이 달라질 수 있는지 그 저 2025 12 26 VIEW MORE 더벨 인터뷰 이성희 컨텍 AP위성 대표 우주 수직 컨텍은 국내 우주섹터 전체가 가장 눈여겨 보고 있는 기업 중 하나다."
Layer_2_Curated_Image,Homepage_PR_News,"한화에어로스페이스, 현대로템, LIG넥스원, 한국항공우주산업 등 대기업 계열의 우주 방산업체들이 즐 2025 12 26 VIEW MORE 컨텍, 연말 수주잔고 500억 돌파 전망 최근 한 달새 2025.12.15."
Layer_2_Curated_Image,Homepage_PR_News,"우주 시스템 솔루션 전문기업 컨텍 451760 은 지난 11일 시스템 제조업체와 약 86억원 규모의 하드웨어 및 소프트웨어 개발 공급계약을 2025 12 26 VIEW MORE 이성희 컨텍 대표 연내 OGS 2곳 구축, 위성 QK 사진출처 AP위성 링크드인 2025.11.27.이성희 컨텍 대표가 위성 양자암호통신 QKD 시장 선점 의지를 내비쳤다."
Layer_2_Curated_Image,Homepage_PR_News,"연내 2곳의 광통신 지상국 OGS 구축이 예정돼 있 2025 12 26 VIEW MORE 컨텍, 심우주통신 사업 준비...STEE 2025서 유 2025.11.24.독일 브레멘에서는 지난 주 11월 18일 20일 유럽의 가장 큰 우주전시회 중 하나인 Space Tech Expo Europe 2025 가 열렸다."
Layer_2_Curated_Image,Homepage_PR_News,전시 기 2025 12 26 VIEW MORE 컨텍 AP위성 유럽 우주무대에서 집중 조명 잠재적인 2025.11.24.
Layer_2_Curated_Image,Homepage_PR_News,"컨텍 451760, 대표이사 이성희, 이하 컨텍 은 지난 주 독일 브레멘에서 열린 Space Tech Expo Europe 2025 에서 한국의 2025 12 26 VIEW MORE 컨텍, 영국 위성 양자암호화 상용화 서비스 본격 추진 2025.11.21.우주산업 토탈 솔루션 전문기업 컨텍 451760 이 영국의 위성 양자암호화 통신 전문기업과 위성 양자암호통신 QKD 상용화 서비스를 본격적으로 추진 2025 12 26 VIEW MORE 컨텍, 온실가스 관측 위성 관제 시스템 개발 사업 우협 2025.11.14.우주산업 솔루션 전문기업 컨텍은 기후에너지환경부 국립환경과학원 가 발주한 온실가스 관측 초소형 위성 개발 관제 수신 기술 개발 사업의 우선협상 2025 12 26 VIEW MORE 컨텍, 3분기 누적 매출액 286억원..."
Layer_2_Curated_Image,Homepage_PR_News,역대 최대 2025.11.13.해외 시장을 중심으로 사업을 확장해온 컨텍이 올 3분기 누적 역대 최대 매출을 달성했다.
Layer_2_Curated_Image,Homepage_PR_News,우주산업 토탈 솔루션 전문기업 컨텍 대표이사 이성희 은 13 2025 12 26
