id,date,title,source,snippet,content,extract_method,content_len,url,date_raw
1,"핀포인트뉴스2024.12.28.Keep에 저장Keep에 바로가기컨텍, 소형 위성 발사 증가에 따른 성장 기대...내년 흑자전환 가능성컨텍이 속한우주항공과국방 관련주(네이버 증권)에는 빅텍 타임기술 퍼스텍 한화에어로스페이스  퍼스텍  탈로스 한국항공우주제노코  에이트원 하이즈항공 켄코아에오로스페이스  쎄트렉아이 퍼스텍  한화시스템 휴니드 빅텍 아이쓰리시스템우리기술 켄코아에오로스페이스 제노코컨텍탈로스가...핀포인트뉴스2024.12.26.Keep에 저장Keep에 바로가기코츠테크놀로지 주가 다시 휘파람부나... 기관은 15거래일 대량매수코츠테크놀로지가 속한우주항공과국방 관련주(네이버 증권)에는 타임기술 퍼스텍 한화에어로스페이스 한화시스템 아스트 한국항공우주제노코 쎄트렉아이 빅텍 휴니드 에이트원 우리기술 하이즈항공컨텍아이쓰리시스템 아스트 켄코아에오로스페이스가 있다. 코츠테크놀로지는 방위산업 시장에서 탄탄한...이투데이2024.12.26.Keep에 저장Keep에 바로가기[오늘의 증시리포트] 씨앤씨인터내셔널, 해외 매출 비중 상승 전망자율주행 하면 생각나는 라이다(LiDAR) 기업 상장 후 주가 동향: 오버행과 자율주행 로봇으로 시작해서 김창호 한국투자증권 연구원 ◇컨텍소형 위성 발사 증가 수혜주 AP위성 인수로우주밸류체인 다변화 New Space 시대 소형 위성 산업 성장과 동반할 것 2025년 흑자 전환 기대 이나연 한국IR협의회...이투데이2024.12.26.Keep에 저장Keep에 바로가기한국IR협의회 ""컨텍, 소형 위성 발사 증가 수혜주""컨텍은 한국항공우주연구원(KARI)에서 스핀오프(spin-off)된우주스타트업으로,우주산업의 밸류체인 중 다운스트림(Downstream)을 담당한다. 동사는 다운스트림 분야의 토탈 솔루션을 제공할 뿐만 아니라, 올해 6월 AP위성의 지분 인수(24.72%)를 통해 업스트림(Upstream) 분야까지 사업 영역을 확장했다. 이나연...프레스맨2024.12.24.Keep에 저장Keep에 바로가기민간우주산업 시대 '활짝'... 국내는 아직도 '걸음마' 수준또한 제주 구좌에는 제주 국가위성운영센터를 설립했고, 민간우주기업의 유치에도 적극적이다. 위성영상 수신, 처리 등을 하는 업체컨텍과 소형 위성발사체를 연구하는 페리지에어로스페이스 등 민간 기업들 역시 제주에 터를 잡았다. 제주뿐 아니라 전남, 경남, 대전 세 곳에우주항공 클러스터...굿모닝충청2024.12.23.Keep에 저장Keep에 바로가기대전시,우주산업 발전 유공자 8명 표창이성희 ㈜컨텍대표 ▲과기정통부 선정 국가전략기술을 보유하고 소형우주발사체 개발을 전문으로 하는 신동윤 ㈜페리지에어로스페이스 대표 등 4명이 수상했다.우주분야 관계자 수상자는 ▲우주산업클러스터 연구·인재개발 특화지구 사업기획에 참여하고우주기술혁신 인재양성센터 국비확보에 기여한...헬로디디2024.12.23.Keep에 저장Keep에 바로가기우주도시 대전, 4개 기업우주산업 유공 선정기업인 분야 수상자는 글로벌 위성전문기업 쎄트렉아이 김이을 대표를 비롯해 위성데이터 분석 소프트웨어 개발 기업 한컴인스페이스의 최명진 대표, 국내우주스타트업 1호 상장기업인컨텍의 이성희 대표, 소형우주발사체 전문기업 페리지에어로스페이스의 신동윤 대표 등 4명이다.우주분야 관계자로는...뉴스프리존2024.12.23.Keep에 저장Keep에 바로가기[대전시 소식] 신대지구, 韓 물산업 혁신성장 거점 도약 등기업인 분야는 김이을 ㈜쎄트렉아이 대표, 최명진 ㈜한컴인스페이스 대표, 이성희 ㈜컨텍대표, 신동윤 ㈜페리지에어로스페이스 대표 등이며우주분야는 한재흥 KAIST우주연구원장, 김건희 한밭대학교우주국방연구소장, 유민호 한남대학교 위성활용연구센터 팀장, 김민성 대전테크노파크 대리 등이다....뉴시스2024.12.23.네이버뉴스Keep에 저장Keep에 바로가기대전시,우주산업 발전 유공자 포상…8명 표창기업 분야에서는 김이을 ㈜쎄트렉아이 대표와 최명진 ㈜한컴인스페이스 대표, 이성희 ㈜컨텍대표, 신동윤 ㈜페리지에어로스페이스 대표 등 4명이 지역경제와우주기술 발전에 기여한 공으로 수상했다.우주분야 수상자는 한재흥 KAIST우주연구원장, 김건희 한밭대학교우주국방연구소장, 유민호 한남대학교...데일리한국2024.12.23.Keep에 저장Keep에 바로가기대전시,우주산업 발전 유공자 8명 표창이성희 ㈜컨텍대표 △과기정통부 선정 국가전략기술을 보유하고 소형우주발사체 개발을 전문으로 하는 신동윤 ㈜페리지에어로스페이스 대표 등 4명이 수상했다.우주분야 관계자 수상자는우주산업클러스터 연구·인재개발 특화지구 사업기획에 참여하고우주기술혁신 인재양성센터 국비확보에 기여한...","컨텍은 한국항공우주연구원(KARI)에서 스핀오프(spin-off)된우주스타트업으로,우주산업의 밸류체인 중 다운스트림(Downstream)을 담당한다. 동사는 다운스트림 분야의 토탈 솔루션을 제공할 뿐만 아니라, 올해 6월 AP위성의 지분 인수(24.72%)를 통해 업스트림(Upstream) 분야까지 사업 영역을 확장했다. 이나연...",핀포인트뉴스,"핀포인트뉴스2024.12.28.Keep에 저장Keep에 바로가기컨텍, 소형 위성 발사 증가에 따른 성장 기대...내년 흑자전환 가능성컨텍이 속한우주항공과국방 관련주(네이버 증권)에는 빅텍 타임기술 퍼스텍 한화에어로스페이스  퍼스텍  탈로스 한국항공우주제노코  에이트원 하이즈항공 켄코아에오로스페이스  쎄트렉아이 퍼스텍  한화시스템 휴니드 빅텍 아이쓰리시스템우리기술 켄코아에오로스페이스 제노코컨텍탈로스가...핀포인트뉴스2024.12.26.Keep에 저장Keep에 바로가기코츠테크놀로지 주가 다시 휘파람부나... 기관은 15거래일 대량매수코","이투데이
마켓
일반
한국IR협의회 ""컨텍, 소형 위성 발사 증가 수혜주""
입력 2024-12-26 08:03기자 이름을 클릭하면
더 자세한 정보를
확인할 수 있어요!
북마크 되었습니다.
마이페이지에서 확인하세요.

페이스북
엑스
URL공유
가장작게
작게
기본
크게
가장크게
(출처=한국IR협의회)
한국IR협의회는 26일 컨텍에 대해 뉴 스페이스(New Space) 시대 소형 위성 산업 성장과 동반할 것이며, 지분 인수를 통해 우주 밸류체인을 다변화했다고 분석했다.
컨텍은 한국항공우주연구원(KARI)에서 스핀오프(spin-off)된 우주 스타트업으로, 우주 산업의 밸류체인 중 다운스트림(Downstream)을 담당한다. 동사는 다운스트림 분야의 토탈 솔루션을 제공할 뿐만 아니라, 올해 6월 AP위성의 지분 인수(24.72%)를 통해 업스트림(Upstream) 분야까지 사업 영역을 확장했다.
이나연 한국IR협의회 연구원은 ""우주 산업은 정부 주도의 올드 스페이스(Old Space)에서 민간 기업들이 상업적인 목표를 중심으로 해 우주 산업을 주도하는 뉴 스페이스로 패러다임이 전환되고 있다""라며 ""스페이스X 등 민간 기업은 우주 산업의 비용 절감과 상업적 가능성을 확대하며 우주 시장의 폭발적 성장을 이끌고 있다""라고 전했다.
이어 ""뉴 스페이스 시대에 진입하며 우주에 발사된 위성의 개수가 급격히 증가했다""라며 ""소형 위성 증가는 위성 데이터 수신 수요로 이어져 지상국의 필요성이 높아지고 있다""라고 덧붙였다.
이 연구원은 ""컨텍은 아시아 지역 유일의 전 세계 자체 지상국을 구축했으며, 전 세계 9개국에서 10개의 지상국을 운영 중이고 2025년까지 3개국에 5개 지상국을 추가로 구축할 계획""이라며 ""해외 지상국 턴키 수주 계약이 글로벌 시장에서 컨텍의 입지를 다지는데 크게 기여했다""라고 설명했다.
더불어 ""AP위성의 인수로 업스트림과 다운스트림 분야의 기술 역량이 결합해 우주항공 분야 연구개발(R&D) 시너지도 기대된다""라고 밝혔다.
그는 ""2025년 컨텍의 연결 매출액은 전년 동기 대비 67.3% 증가한 959억 원, 영업이익은 흑자 전환한 34억 원을 전망한다""라며 ""AP위성의 연간 실적이 온기로 반영되며, 외형 성장과 더불어 흑자 전환이 가능해질 것으로 판단한다""라고 전망했다.
다만 ""GSaaS 사업의 적자 지속으로 2025년 별도 영업손실은 불가피하며, 글로벌 시장 경쟁 심화는 주의해야 한다""라고 지적했다.
#컨텍의 주요 뉴스
자세히보기
두나무, FIU 상대 영업정지 취소 승소…法 “고의·중과실 인정 안 돼”
좋아요
0
화나요
0
슬퍼요
0원해요
0
주요 뉴스
코스피, 개인ㆍ기관 '사자'에 7498 마감 사상 최고가 또 경신⋯삼전ㆍSK하닉 엇갈려
코스피가 하락 출발했지만 오후 들어 상승 반전하면서 사상 최고가를 다시 경신했다. 8일 코스피 지수는 전 거래일 대비 7.95포인트(0.11%) 오른 7498.00에 거래를 마감했다. 개인이 3조9740억원, 기관이 1조5490억원 순매수한 가운데 외국인이 5조5900억원 순매도했다. 업종별로 음식료·담배(2.69%), 유통(2.21%), 운송장비·부품(1.81%), 통신(
“돈 더 줄게, 물량 먼저 달라”…더 강해진 삼성·SK 메모리 LTA [AI 공급망 재편]
삼성·SK, 장기공급계약 확대 가속화 가격 안정 넘어 ‘프리미엄 계약’ 확산 인공지능(AI) 인프라 투자 확대와 함께 메모리 업계의 장기공급계약(LTA) 중심 거래 구조가 더욱 굳어지는 분위기다. 이미 수개월 전부터 공급사 우위 흐름이 이어져온 가운데, 최근에는 고객사들이 안정적인 물량 확보를 위해 프리미엄까지 감수하며 다년 계약에 나서
다이소에 몰리는 사람들
매장에 입장하는 모든 이는 저마다의 확실한 ‘목적’이 있는데요. 비록 ‘구경’일 뿐이라도 그 목적도 명확하죠. 넓은 매장을 거닐다 보면 1000원짜리 구매 목적이 단위가 넘어가는 현실을 마주하는 것도 다반사입니다. 다이소 화장품 매대 앞에는 마스크팩을 고르는 사람들이, 다른 한쪽에서는 새로 들어온 러닝용품을 찾는 발길이 이어지는데요.
비행기표 다음은 택배비?⋯화물 유류할증료 인상, 어디로 전가되나 [이슈크래커]
항공권을 살 때 붙는 유류할증료가 이번에는 국제 화물 운임을 밀어 올리고 있습니다. 비행기를 타는 승객만의 문제가 아니라, 비행기로 오가는 물건의 운송비에도 기름값 부담이 반영되는 구조입니다. 해외직구를 하거나 국제택배를 보내는 소비자도 배송비 인상 영향을 받을 수 있습니다. 대한항공은 5월 16일부터 6월 15일까지 한국발 국제선
‘의료 현장 출신’ 바이오텍, 인수합병에 해외 진출까지
대학병원에서 연구 및 임상 경력을 쌓은 현장 전문가의 창업 성과가 누적되고 있다. 주요 파이프라인의 임상시험 돌입은 물론, 인수합병과 대규모 투자 유치 등의 낭보가 이어지면서 바이오 기업들의 시장 활약이 주목된다. 7일 제약바이오 업계에 따르면 최근 바이젠셀, 온코마스터, 지니너스, 넥스트바이오메디컬 등 의과대학·대학병원 교수가
증권가, “코스피 9000간다”...반도체 슈퍼 사이클 앞세운 역대급 실적 장세
코스피 지수가 반도체 산업의 기록적인 이익 성장에 힘입어 사상 유례없는 9000선 시대 진입을 예고하고 있다. 8일 한국거래소에 따르면 코스피는 전장보다 7.95포인트(0.11%) 오른 7498.00에 거래를 마쳤다. 3월 전쟁의 공포로 한때 5000선까지 위협받기도 했지만 공포를 딛고 4월 한달간 30.61% 올라 6500선을 돌파했다. 이제 코스피는 꿈의
""가임력 보존 국가 책임져야"" vs ""출산 연계효과 파악 먼저"" [붙잡은 미래, 냉동난자 下]
[편집자주] 결혼과 출산 시기를 늦추는 흐름 속에서 ‘난자동결(냉동난자)’에 대한 관심이 빠르게 확산하고 있다. 정부는 저출생 대응과 맞물려 지원 확대를 검토하고 있고 의료 현장에서는 시술 수요가 눈에 띄게 증가하는 추세다. 그러나 ‘실제 사용’과 ‘출산으로 이어지는 비율’은 여전히 낮고 정보마저 제한적이다. 본지는 30대 미혼 여성 기
‘익스프레스 매각 완료’ 홈플러스, 37개 점포 영업중단⋯“유동성 확보해 회생”
홈플러스는 대형마트·온라인·본사 등 잔존사업부문의 사업성 개선을 위한 2차 구조혁신에 착수한다고 8일 밝혔다. 5월 10일부터 7월 3일까지 약 두 달 동안 전체 104개 대형마트 매장 중 기여도가 낮은 37개 매장의 영업을 잠정적으로 중단하고, 나머지 67개 매장을 중심으로 집중 운영할 계획이다. 회사 측은 이번 영업중단에 대해 회생절차 개
많이 본 뉴스
01
‘익스프레스 매각 완료’ 홈플러스, 37개 점포 영업중단⋯“유동성 확보해 회생”
02
삼성전자 ‘운명의 사후조정’… 총파업 위기 속 극적 타결 이뤄낼까
03
[특징주] 현대차, 휴머노이드 '아틀라스' 기대감에 61만원 돌파…7%대 강세
04
엠디바이스, HBM 난제 정조준…차세대 ‘하이브리드 본딩’ 특허 출원
05
속보
삼성전자 초기업노조 “정부 요청 받아들여⋯사후조정 절차 돌입”
06
[특징주] 현대차 10%ㆍ현대모비스 19% 급등⋯‘아틀라스’ 영상 공개에 로봇주 강세
07
[급등락주 짚어보기] 로봇·AI 전력망에 매수세…현대오토에버·가온전선 등 '上'
08
'생방송 투데이' 오늘방송맛집- 인생 분식, 30년 추억의 떡볶이 맛집 '골○'
09
토스증권, 한국콜마 '어닝 서프라이즈'를 반토막 실적으로 표기⋯“알림 믿고 팔았는데”
10
현대차그룹, 노무 관리 ‘사장급’ 격상…새 총괄에 최준영 사장
최신 영상
정원오표 부동산 ""역시나 박원순 시즌2"" 서울 집값 시뮬레이션 돌려봅니다 I 집땅지성 I 김인만, 한문도, 두성규
마켓 최신 뉴스
골드만삭스, 코스피 목표치 9000으로 상향⋯“상승 랠리 아직 안 끝났다”
[채권마감] 1일 천하로 끝난 강세장, 미국·이란 충돌+외인 3선 매도
7천피 질주에도 코스닥 지수는 ‘횡보’⋯반도체로 쏠린 수급ㆍ실적 소외
[오늘의 주요공시] 한국콜마ㆍ한국타이어ㆍ코웨이 등
[급등락주 짚어보기] 로봇·AI 전력망에 매수세…현대오토에버·가온전선 등 '上'
증권가, “코스피 9000간다”...반도체 슈퍼 사이클 앞세운 역대급 실적 장세
토스증권, 한국콜마 '어닝 서프라이즈'를 반토막 실적으로 표기⋯“알림 믿고 팔았는데”
SKT, 실적 저점 통과 국면…증권가 눈높이도 꿈틀
[환율마감] 원·달러 한달만 최대폭 상승..미·이란 무력충돌+외인 코스피 투매
코스피, 개인ㆍ기관 '사자'에 7498 마감 사상 최고가 또 경신⋯삼전ㆍSK하닉 엇갈려
뉴스발전소
왁뿌볼부터 무스 케이크까지⋯요즘 유행은 '감각'입니다 [솔드아웃]
내가 저장한 뉴스 모아보기
내가전체보기
한 컷
'김건희 공천 청탁' 김상민 전 부장검사, 1심 뒤집혀 '유죄' [포토]
마켓 뉴스
특징주
투자전략
현대차 10%ㆍ현대모비스 19% 급등⋯‘아틀라스’ 영상 공개에 로봇주 강세
현대차, 휴머노이드 '아틀라스' 기대감에 61만원 돌파…7%대 강세
삼성전자·SK하이닉스 3%대 동반 약세…미 반도체 차익실현·중동 리스크에 '휘청'
인바디, 1Q 실적 작년 대비 대폭 성장 소식에 상승세
제닉스로보틱스, 삼성전자 스마트팩토리 스토커 70% 공급 기대감에 상승세
[오늘의 투자전략] ""다시 전쟁 노이즈…AI반도체 차익실현 후 방산 등 업종으로 순환매 전망""
[오늘의 투자전략] ""코스피, 美반도체 지수 급등 영향에 상승 출발 전망""
[오늘의 투자전략] ""코스피, 반도체 모멘텀 힘입어 7000 돌파 시도 전망""
[오늘의 투자전략] ""계절적 변동성 우려 딛고 대세 상승 국면 지속""
증시 상승세 탄 지난 달 외국인 수익률, 개인의 3배
오늘의 상승종목
05.08
장종료
코스피
코스닥
1.
계양전기우
2,400
2.
가온전선
110,000
3.
현대오토에버
136,500
4.
진원생명과학
260
5.
계양전기
1,950
1.
한울반도체
2,300
2.
시지트로닉스
2,380
3.
오텍
810
4.
민테크
795
5.
다원넥스뷰
5,150
실시간 암호화폐 시세
종목
현재가(원)
변동률
비트코인
118,650,000
-0.32%
이더리움
3,390,000
-1.08%
비트코인 캐시
667,000
-1.04%
리플
2,059
-0.72%
솔라나
131,000
-0.68%
에이다
391
-1.26%
트론
516
+1.38%
스텔라루멘
236
-0.84%
비트코인에스브이
23,730
-0.59%
체인링크
14,730
-0.41%
샌드박스
115
+0%
* 24시간 변동률구독이 완료되었습니다.
구독 현황은
마이페이지에서
확인할 수 있습니다.의 최신 주요 뉴스만 모아드립니다.

·수집항목: 이메일
·보유 기간: 구독취소 시 까지
신청하기
* 기본정보의 메일주소도 함께 변경됩니다.
기자 구독이 완료되었습니다.
구독 현황은
마이페이지에서
확인할 수 있습니다.

마이페이지에서 변경할 수 있습니다.
마이페이지 바로가기

나만을 위해 준비된, 빠르고 정확한 경제뉴스를 확인하세요.
구독 현황은 마이페이지에서 확인할 수 있습니다.구독이 해지되었습니다.
언제든지 다시 구독할 수 있어요!
마켓
공시
시황
시세
장외/IPO
특징주
투자전략
채권/펀드
환율
국제시황
일반
금융
금융정책
은행
보험
2금융
카드
가상자산/핀테크
일반
부동산
시장동향
업계
정책
분양
일반
산업
재계
전자/통신/IT
자동차
중화학
항공/물류
유통
의료/바이오
중기/벤처
일반
경제
경제정책
경제지표
생활경제
일반
국제
국제경제
국제일반
미국
중국
아시아
유럽/중동
정치
대통령실/총리실
국회/정당
국방/외교
정책
일반
사회
법조
교육
사건/사고
노동/취업
전국
인사/부음
동정
일반
오피니언
논현논단
논현광장
시론
AI 만평
데스크 시각
마감 후
칼럼
노트북 너머
문화·라이프
관광
방송/TV
영화
음악
공연/출판
스포츠
일반
뉴스발전소
이슈크래커
요즘, 이거
그래픽스
한 컷
이투데이TV
e스튜디오
랭킹영상
스페셜리포트
Channel 5
위너스IR클럽
날씨",bs4:body_fallback,5756,https://www.etoday.co.kr/news/view/2432303,"핀포인트뉴스2024.12.28.Keep에 저장Keep에 바로가기컨텍, 소형 위성 발사 증가에 따른 성장 기대...내년 흑자전환 가능성컨텍이 속한우주항공과국방 관련주(네이버 증권)에는 빅텍 타임기술 퍼스텍 한화에어로스페이스  퍼스텍  탈로스 한국항공우주제노코  에이트원 하이즈항공 켄코아에오로스페이스  쎄트렉아이 퍼스텍  한화시스템 휴니드 빅텍 아이쓰리시스템우리기술 켄코아에오로스페이스 제노코컨텍탈로스가...핀포인트뉴스2024.12.26.Keep에 저장Keep에 바로가기코츠테크놀로지 주가 다시 휘파람부나... 기관은 15거래일 대량매수코츠테크놀로지가 속한우주항공과국방 관련주(네이버 증권)에는 타임기술 퍼스텍 한화에어로스페이스 한화시스템 아스트 한국항공우주제노코 쎄트렉아이 빅텍 휴니드 에이트원 우리기술 하이즈항공컨텍아이쓰리시스템 아스트 켄코아에오로스페이스가 있다. 코츠테크놀로지는 방위산업 시장에서 탄탄한...이투데이2024.12.26.Keep에 저장Keep에 바로가기[오늘의 증시리포트] 씨앤씨인터내셔널, 해외 매출 비중 상승 전망자율주행 하면 생각나는 라이다(LiDAR) 기업 상장 후 주가 동향: 오버행과 자율주행 로봇으로 시작해서 김창호 한국투자증권 연구원 ◇컨텍소형 위성 발사 증가 수혜주 AP위성 인수로우주밸류체인 다변화 New Space 시대 소형 위성 산업 성장과 동반할 것 2025년 흑자 전환 기대 이나연 한국IR협의회...이투데이2024.12.26.Keep에 저장Keep에 바로가기한국IR협의회 ""컨텍, 소형 위성 발사 증가 수혜주""컨텍은 한국항공우주연구원(KARI)에서 스핀오프(spin-off)된우주스타트업으로,우주산업의 밸류체인 중 다운스트림(Downstream)을 담당한다. 동사는 다운스트림 분야의 토탈 솔루션을 제공할 뿐만 아니라, 올해 6월 AP위성의 지분 인수(24.72%)를 통해 업스트림(Upstream) 분야까지 사업 영역을 확장했다. 이나연...프레스맨2024.12.24.Keep에 저장Keep에 바로가기민간우주산업 시대 '활짝'... 국내는 아직도 '걸음마' 수준또한 제주 구좌에는 제주 국가위성운영센터를 설립했고, 민간우주기업의 유치에도 적극적이다. 위성영상 수신, 처리 등을 하는 업체컨텍과 소형 위성발사체를 연구하는 페리지에어로스페이스 등 민간 기업들 역시 제주에 터를 잡았다. 제주뿐 아니라 전남, 경남, 대전 세 곳에우주항공 클러스터...굿모닝충청2024.12.23.Keep에 저장Keep에 바로가기대전시,우주산업 발전 유공자 8명 표창이성희 ㈜컨텍대표 ▲과기정통부 선정 국가전략기술을 보유하고 소형우주발사체 개발을 전문으로 하는 신동윤 ㈜페리지에어로스페이스 대표 등 4명이 수상했다.우주분야 관계자 수상자는 ▲우주산업클러스터 연구·인재개발 특화지구 사업기획에 참여하고우주기술혁신 인재양성센터 국비확보에 기여한...헬로디디2024.12.23.Keep에 저장Keep에 바로가기우주도시 대전, 4개 기업우주산업 유공 선정기업인 분야 수상자는 글로벌 위성전문기업 쎄트렉아이 김이을 대표를 비롯해 위성데이터 분석 소프트웨어 개발 기업 한컴인스페이스의 최명진 대표, 국내우주스타트업 1호 상장기업인컨텍의 이성희 대표, 소형우주발사체 전문기업 페리지에어로스페이스의 신동윤 대표 등 4명이다.우주분야 관계자로는...뉴스프리존2024.12.23.Keep에 저장Keep에 바로가기[대전시 소식] 신대지구, 韓 물산업 혁신성장 거점 도약 등기업인 분야는 김이을 ㈜쎄트렉아이 대표, 최명진 ㈜한컴인스페이스 대표, 이성희 ㈜컨텍대표, 신동윤 ㈜페리지에어로스페이스 대표 등이며우주분야는 한재흥 KAIST우주연구원장, 김건희 한밭대학교우주국방연구소장, 유민호 한남대학교 위성활용연구센터 팀장, 김민성 대전테크노파크 대리 등이다....뉴시스2024.12.23.네이버뉴스Keep에 저장Keep에 바로가기대전시,우주산업 발전 유공자 포상…8명 표창기업 분야에서는 김이을 ㈜쎄트렉아이 대표와 최명진 ㈜한컴인스페이스 대표, 이성희 ㈜컨텍대표, 신동윤 ㈜페리지에어로스페이스 대표 등 4명이 지역경제와우주기술 발전에 기여한 공으로 수상했다.우주분야 수상자는 한재흥 KAIST우주연구원장, 김건희 한밭대학교우주국방연구소장, 유민호 한남대학교...데일리한국2024.12.23.Keep에 저장Keep에 바로가기대전시,우주산업 발전 유공자 8명 표창이성희 ㈜컨텍대표 △과기정통부 선정 국가전략기술을 보유하고 소형우주발사체 개발을 전문으로 하는 신동윤 ㈜페리지에어로스페이스 대표 등 4명이 수상했다.우주분야 관계자 수상자는우주산업클러스터 연구·인재개발 특화지구 사업기획에 참여하고우주기술혁신 인재양성센터 국비확보에 기여한..."
2,2024-12-28,컨텍이 속한우주항공과국방 관련주(네이버 증권)에는 빅텍 타임기술 퍼스텍 한화에어로스페이스  퍼스텍  탈로스 한국항공우주제노코  에이트원 하이즈항공 켄코아에오로스페이스  쎄트렉아이 퍼스텍  한화시스템 휴니드 빅텍 아이쓰리시스템우리기술 켄코아에오로스페이스 제노코컨텍탈로스가...,핀포인트뉴스,"컨텍, 소형 위성 발사 증가에 따른 성장 기대...내년 흑자전환 가능성","우주 지상국 서비스 전문 기업 컨텍이 소형 위성 발사 증가에 따른 수혜를 입을 것이라는 전망이 나왔다.
한국IR협의회는 최근 보고서에서 컨텍의 2025년 연결 매출액이 959억원으로 전년 대비 67.3% 증가하고, 영업이익은 흑자 전환할 것으로 예상했다. 이는 AP위성 인수 효과가 본격적으로 나타나면서 실적 개선이 기대되기 때문이다.
컨텍은 2015년 한국항공우주연구원에서 분사된 기업으로, 전 세계 12개국에 총 10개의 지상국을 보유하고 있다.
소형 위성 발사 시장이 성장함에 따라 위성 데이터 수신 및 처리 서비스에 대한 수요가 증가하고 있으며, 컨텍은 이러한 시장 변화에 발맞춰 지속적인 성장을 이어갈 것으로 전망된다.
한국IR협의회는 ""컨텍은 AP위성 인수를 통해 우주 밸류체인을 다변화하고, New Space 시대 소형 위성 산업 성장과 함께 동반 성장할 것으로 기대된다""고 밝혔다.
컨텍이 속한 우주항공과국방 관련주(네이버 증권)에는 빅텍 타임기술 퍼스텍 한화에어로스페이스  퍼스텍  탈로스 한국항공우주 제노코  에이트원 하이즈항공 켄코아에오로스페이스  쎄트렉아이 퍼스텍  한화시스템 휴니드 빅텍 아이쓰리시스템우리기술 켄코아에오로스페이스 제노코 컨텍 탈로스가 있다.adium@thekpm.com
다른기사 보기",bs4:generic(div.article-body),628,https://www.pinpointnews.co.kr/news/articleView.html?idxno=309557,2024.12.28.
3,,Keep에 바로가기,알수없음,,,failed,0,https://keep.naver.com,
4,2024-12-26,코츠테크놀로지가 속한우주항공과국방 관련주(네이버 증권)에는 타임기술 퍼스텍 한화에어로스페이스 한화시스템 아스트 한국항공우주제노코 쎄트렉아이 빅텍 휴니드 에이트원 우리기술 하이즈항공컨텍아이쓰리시스템 아스트 켄코아에오로스페이스가 있다. 코츠테크놀로지는 방위산업 시장에서 탄탄한...,핀포인트뉴스,코츠테크놀로지 주가 다시 휘파람부나... 기관은 15거래일 대량매수,"코츠테크놀로지 주가가 크게 들썩이고 있다.
26일 한국거래소에 따르면 이날 오후 2시 11분 현재 4.90% 올라 1만 5000원에 거래되고 있다.
주가는 박스권에서 크게 출렁이고 있다. 기관은 15거래일 대량매수 하고 있다.
코츠테크놀로지가 한화시스템과 70억 규모의 K21 장갑차 4차 양산 물품 공급 계약을 체결해 실적개선 기대감이 주가에 훈풍을 불어 넣고 있는 것으로 보인다.
이번 계약은 코츠테크놀로지가 방위산업 시장에서의 입지를 더욱 공고히 하는 계기가 될 것으로 기대된다.
K21 장갑차는 뛰어난 화력과 방호력, 수륙 양용 기능을 갖춘 차세대 장갑차로 육군의 기동성을 강화하는 데 중요한 역할을 하고 있다.
이번 계약을 통해 K21 장갑차에 필요한 핵심 부품 및 시스템을 공급해 국내 방위산업 발전에 기여할 예정이다.
이번 계약은 코츠테크놀로지가 방위산업 시장 진출을 가속화하는 신호탄이 될 것으로 보인다.  그동안 축적된 기술력을 바탕으로 방위산업 분야에서 경쟁력을 강화하고 있으며, 이번 계약을 통해 시장 지배력을 확대할 수 있을 것으로 기대된다.
코츠테크놀로지가 속한 우주항공과국방 관련주(네이버 증권)에는 타임기술 퍼스텍 한화에어로스페이스 한화시스템 아스트 한국항공우주 제노코 쎄트렉아이 빅텍 휴니드 에이트원 우리기술 하이즈항공 컨텍 아이쓰리시스템 아스트 켄코아에오로스페이스가 있다.
코츠테크놀로지는 방위산업 시장에서 탄탄한 입지를 구축하고 있다. 상용 부품과 개방형 아키텍처를 활용해 고신뢰성, 고성능을 요구하는 무기체계 핵심 모듈을 설계하고 제조하는 것이 코츠테크놀로지의 주요 사업이다.
코츠테크놀로지는 싱글보드컴퓨터, 군용전시기, 무기체계 탑재용 컴퓨터 장치 등 다양한 방위산업용 핵심 부품을 개발하고 있으며, 이를 통해 국내 방위산업 발전에 기여하고 있다.
지속적인 연구 개발 투자를 통해 기술력을 향상시키고, 고객 맞춤형 솔루션을 제공하며 시장 경쟁력을 강화하고 있다.ch0309@thekpm.com
다른기사 보기",bs4:generic(div.article-body),975,https://www.pinpointnews.co.kr/news/articleView.html?idxno=309018,2024.12.26.
5,2024-12-26,자율주행 하면 생각나는 라이다(LiDAR) 기업 상장 후 주가 동향: 오버행과 자율주행 로봇으로 시작해서 김창호 한국투자증권 연구원 ◇컨텍소형 위성 발사 증가 수혜주 AP위성 인수로우주밸류체인 다변화 New Space 시대 소형 위성 산업 성장과 동반할 것 2025년 흑자 전환 기대 이나연 한국IR협의회...,이투데이,"[오늘의 증시리포트] 씨앤씨인터내셔널, 해외 매출 비중 상승 전망","이투데이
마켓
일반
[오늘의 증시리포트] 씨앤씨인터내셔널, 해외 매출 비중 상승 전망
입력 2024-12-26 08:06기자 이름을 클릭하면
더 자세한 정보를
확인할 수 있어요!
북마크 되었습니다.
마이페이지에서 확인하세요.

페이스북
엑스
URL공유
가장작게
작게
기본
크게
가장크게
◇운아나텍
스마트폰 슬림화의 선봉장
갤럭시 슬림의 핵심 변화는 ALoP → 동운아나텍 수혜 기대
본업에서도 긍정적 흐름 지속 전망
양승수 메리츠증권 연구원
◇신시웨이
클라우드와 용역 부문이 견인할 실적 성장
3Q24 YTD 실적은 전년대비 다소 부진
2024년도 영업실적 매출은 성장, 영업이익은 유사한 수준으로 전망
향후 클라우드와 용역 부문의 성장 전망
오지훈 IBK투자증권 연구원
◇씨앤씨인터내셔널
고객사 풀(Pool) 확대에 초점
해외 매출 비중 상승 전망
이제 ＇25년 1분기 출하량에 집중
4Q24 Review: 컨센서스 부합 예상
정지윤 NH투자증권 연구원
◇에스오에스랩
IPO
업데이트: 자율주행이 필요할 때 SOS!
자율주행 하면 생각나는 라이다(LiDAR) 기업
상장 후 주가 동향: 오버행과 자율주행
로봇으로 시작해서
김창호 한국투자증권 연구원
◇컨텍
소형 위성 발사 증가 수혜주
AP위성 인수로 우주 밸류체인 다변화
New Space 시대 소형 위성 산업 성장과 동반할 것
2025년 흑자 전환 기대
이나연 한국IR협의회 연구원
◇팸텍
IPO 주관사 업데이트: 반도체 장비 매출 비중 확대 기대
CCM 검사 장비 제조 업체
현대모비스향 차량용 카메라 검사 시장 확대 수혜
HBM 수율 개선 수요 증가에 따른 반도체 장비 성장 기대
최재호 하나금투 연구원
◇이노시뮬레이션
IPO주관사 업데이트: 시뮬레이터 및 XR 솔루션 전문 기업
시뮬레이터 및 XR 솔루션 사업 지속 확장 중
XR 가상훈련 시스템 성장 기대
2024년 3분기 매출액 26.3억원, 영업이익 -5.4억원 기록
최재호 하나금투 연구원
◇LG이노텍
실적 부진 반영, 밸류에이션 매력, SE4(아이폰) 출시 초점
투자의견 매수(BUY) 유지. 목표주가 250,000원 하향(7.4%)
2025년 아이폰SE4/17내 점유율 증가 추정
4Q24 영업이익(2,855억원)은 종전 추정과 컨센서스 대비 하회
박강호 대신증권 연구원
관련 뉴스
[오늘의 증시일정] 케이티·알테오젠·신세계건설 등
[채권뷰] 알티캐스트 150억 원 규모 회사채 발행
[채권뷰] KB증권, 1206억 규모 회사채 거래
“해외거래·에어드롭도 과세” 정부, 가상자산 과세 정면돌파의 주요 뉴스
자세히보기
정원오 '주택 공급' vs 오세훈 '건강 정책'…서울 공약 대결
[단독] 공소시효 3일 남기고 고발…공정위→검찰, 평균 3년6개월 [전속고발권 해부①]
좋아요
0
화나요
0
슬퍼요
0원해요
0
주요 뉴스
코스피, 개인ㆍ기관 '사자'에 7498 마감 사상 최고가 또 경신⋯삼전ㆍSK하닉 엇갈려
코스피가 하락 출발했지만 오후 들어 상승 반전하면서 사상 최고가를 다시 경신했다. 8일 코스피 지수는 전 거래일 대비 7.95포인트(0.11%) 오른 7498.00에 거래를 마감했다. 개인이 3조9740억원, 기관이 1조5490억원 순매수한 가운데 외국인이 5조5900억원 순매도했다. 업종별로 음식료·담배(2.69%), 유통(2.21%), 운송장비·부품(1.81%), 통신(
“돈 더 줄게, 물량 먼저 달라”…더 강해진 삼성·SK 메모리 LTA [AI 공급망 재편]
삼성·SK, 장기공급계약 확대 가속화 가격 안정 넘어 ‘프리미엄 계약’ 확산 인공지능(AI) 인프라 투자 확대와 함께 메모리 업계의 장기공급계약(LTA) 중심 거래 구조가 더욱 굳어지는 분위기다. 이미 수개월 전부터 공급사 우위 흐름이 이어져온 가운데, 최근에는 고객사들이 안정적인 물량 확보를 위해 프리미엄까지 감수하며 다년 계약에 나서
다이소에 몰리는 사람들
매장에 입장하는 모든 이는 저마다의 확실한 ‘목적’이 있는데요. 비록 ‘구경’일 뿐이라도 그 목적도 명확하죠. 넓은 매장을 거닐다 보면 1000원짜리 구매 목적이 단위가 넘어가는 현실을 마주하는 것도 다반사입니다. 다이소 화장품 매대 앞에는 마스크팩을 고르는 사람들이, 다른 한쪽에서는 새로 들어온 러닝용품을 찾는 발길이 이어지는데요.
비행기표 다음은 택배비?⋯화물 유류할증료 인상, 어디로 전가되나 [이슈크래커]
항공권을 살 때 붙는 유류할증료가 이번에는 국제 화물 운임을 밀어 올리고 있습니다. 비행기를 타는 승객만의 문제가 아니라, 비행기로 오가는 물건의 운송비에도 기름값 부담이 반영되는 구조입니다. 해외직구를 하거나 국제택배를 보내는 소비자도 배송비 인상 영향을 받을 수 있습니다. 대한항공은 5월 16일부터 6월 15일까지 한국발 국제선
‘의료 현장 출신’ 바이오텍, 인수합병에 해외 진출까지
대학병원에서 연구 및 임상 경력을 쌓은 현장 전문가의 창업 성과가 누적되고 있다. 주요 파이프라인의 임상시험 돌입은 물론, 인수합병과 대규모 투자 유치 등의 낭보가 이어지면서 바이오 기업들의 시장 활약이 주목된다. 7일 제약바이오 업계에 따르면 최근 바이젠셀, 온코마스터, 지니너스, 넥스트바이오메디컬 등 의과대학·대학병원 교수가
증권가, “코스피 9000간다”...반도체 슈퍼 사이클 앞세운 역대급 실적 장세
코스피 지수가 반도체 산업의 기록적인 이익 성장에 힘입어 사상 유례없는 9000선 시대 진입을 예고하고 있다. 8일 한국거래소에 따르면 코스피는 전장보다 7.95포인트(0.11%) 오른 7498.00에 거래를 마쳤다. 3월 전쟁의 공포로 한때 5000선까지 위협받기도 했지만 공포를 딛고 4월 한달간 30.61% 올라 6500선을 돌파했다. 이제 코스피는 꿈의
""가임력 보존 국가 책임져야"" vs ""출산 연계효과 파악 먼저"" [붙잡은 미래, 냉동난자 下]
[편집자주] 결혼과 출산 시기를 늦추는 흐름 속에서 ‘난자동결(냉동난자)’에 대한 관심이 빠르게 확산하고 있다. 정부는 저출생 대응과 맞물려 지원 확대를 검토하고 있고 의료 현장에서는 시술 수요가 눈에 띄게 증가하는 추세다. 그러나 ‘실제 사용’과 ‘출산으로 이어지는 비율’은 여전히 낮고 정보마저 제한적이다. 본지는 30대 미혼 여성 기
‘익스프레스 매각 완료’ 홈플러스, 37개 점포 영업중단⋯“유동성 확보해 회생”
홈플러스는 대형마트·온라인·본사 등 잔존사업부문의 사업성 개선을 위한 2차 구조혁신에 착수한다고 8일 밝혔다. 5월 10일부터 7월 3일까지 약 두 달 동안 전체 104개 대형마트 매장 중 기여도가 낮은 37개 매장의 영업을 잠정적으로 중단하고, 나머지 67개 매장을 중심으로 집중 운영할 계획이다. 회사 측은 이번 영업중단에 대해 회생절차 개
많이 본 뉴스
01
‘익스프레스 매각 완료’ 홈플러스, 37개 점포 영업중단⋯“유동성 확보해 회생”
02
삼성전자 ‘운명의 사후조정’… 총파업 위기 속 극적 타결 이뤄낼까
03
[특징주] 현대차, 휴머노이드 '아틀라스' 기대감에 61만원 돌파…7%대 강세
04
엠디바이스, HBM 난제 정조준…차세대 ‘하이브리드 본딩’ 특허 출원
05
속보
삼성전자 초기업노조 “정부 요청 받아들여⋯사후조정 절차 돌입”
06
[특징주] 현대차 10%ㆍ현대모비스 19% 급등⋯‘아틀라스’ 영상 공개에 로봇주 강세
07
[급등락주 짚어보기] 로봇·AI 전력망에 매수세…현대오토에버·가온전선 등 '上'
08
'생방송 투데이' 오늘방송맛집- 인생 분식, 30년 추억의 떡볶이 맛집 '골○'
09
토스증권, 한국콜마 '어닝 서프라이즈'를 반토막 실적으로 표기⋯“알림 믿고 팔았는데”
10
현대차그룹, 노무 관리 ‘사장급’ 격상…새 총괄에 최준영 사장
최신 영상
정원오표 부동산 ""역시나 박원순 시즌2"" 서울 집값 시뮬레이션 돌려봅니다 I 집땅지성 I 김인만, 한문도, 두성규
마켓 최신 뉴스
골드만삭스, 코스피 목표치 9000으로 상향⋯“상승 랠리 아직 안 끝났다”
[채권마감] 1일 천하로 끝난 강세장, 미국·이란 충돌+외인 3선 매도
7천피 질주에도 코스닥 지수는 ‘횡보’⋯반도체로 쏠린 수급ㆍ실적 소외
[오늘의 주요공시] 한국콜마ㆍ한국타이어ㆍ코웨이 등
[급등락주 짚어보기] 로봇·AI 전력망에 매수세…현대오토에버·가온전선 등 '上'
증권가, “코스피 9000간다”...반도체 슈퍼 사이클 앞세운 역대급 실적 장세
토스증권, 한국콜마 '어닝 서프라이즈'를 반토막 실적으로 표기⋯“알림 믿고 팔았는데”
SKT, 실적 저점 통과 국면…증권가 눈높이도 꿈틀
[환율마감] 원·달러 한달만 최대폭 상승..미·이란 무력충돌+외인 코스피 투매
코스피, 개인ㆍ기관 '사자'에 7498 마감 사상 최고가 또 경신⋯삼전ㆍSK하닉 엇갈려
뉴스발전소
왁뿌볼부터 무스 케이크까지⋯요즘 유행은 '감각'입니다 [솔드아웃]
내가 저장한 뉴스 모아보기
내가전체보기
한 컷
'김건희 공천 청탁' 김상민 전 부장검사, 1심 뒤집혀 '유죄' [포토]
마켓 뉴스
특징주
투자전략
현대차 10%ㆍ현대모비스 19% 급등⋯‘아틀라스’ 영상 공개에 로봇주 강세
현대차, 휴머노이드 '아틀라스' 기대감에 61만원 돌파…7%대 강세
삼성전자·SK하이닉스 3%대 동반 약세…미 반도체 차익실현·중동 리스크에 '휘청'
인바디, 1Q 실적 작년 대비 대폭 성장 소식에 상승세
제닉스로보틱스, 삼성전자 스마트팩토리 스토커 70% 공급 기대감에 상승세
[오늘의 투자전략] ""다시 전쟁 노이즈…AI반도체 차익실현 후 방산 등 업종으로 순환매 전망""
[오늘의 투자전략] ""코스피, 美반도체 지수 급등 영향에 상승 출발 전망""
[오늘의 투자전략] ""코스피, 반도체 모멘텀 힘입어 7000 돌파 시도 전망""
[오늘의 투자전략] ""계절적 변동성 우려 딛고 대세 상승 국면 지속""
증시 상승세 탄 지난 달 외국인 수익률, 개인의 3배
오늘의 상승종목
05.08
장종료
코스피
코스닥
1.
계양전기우
2,400
2.
가온전선
110,000
3.
현대오토에버
136,500
4.
진원생명과학
260
5.
계양전기
1,950
1.
한울반도체
2,300
2.
시지트로닉스
2,380
3.
오텍
810
4.
민테크
795
5.
다원넥스뷰
5,150
실시간 암호화폐 시세
종목
현재가(원)
변동률
비트코인
118,676,000
-0.3%
이더리움
3,391,000
-1.14%
비트코인 캐시
667,000
-1.04%
리플
2,059
-0.82%
솔라나
131,000
-0.76%
에이다
390
-1.52%
트론
516
+1.57%
스텔라루멘
236
-0.84%
비트코인에스브이
23,730
-0.59%
체인링크
14,700
-0.74%
샌드박스
115
+0%
* 24시간 변동률구독이 완료되었습니다.
구독 현황은
마이페이지에서
확인할 수 있습니다.의 최신 주요 뉴스만 모아드립니다.

·수집항목: 이메일
·보유 기간: 구독취소 시 까지
신청하기
* 기본정보의 메일주소도 함께 변경됩니다.
기자 구독이 완료되었습니다.
구독 현황은
마이페이지에서
확인할 수 있습니다.

마이페이지에서 변경할 수 있습니다.
마이페이지 바로가기

나만을 위해 준비된, 빠르고 정확한 경제뉴스를 확인하세요.
구독 현황은 마이페이지에서 확인할 수 있습니다.구독이 해지되었습니다.
언제든지 다시 구독할 수 있어요!
마켓
공시
시황
시세
장외/IPO
특징주
투자전략
채권/펀드
환율
국제시황
일반
금융
금융정책
은행
보험
2금융
카드
가상자산/핀테크
일반
부동산
시장동향
업계
정책
분양
일반
산업
재계
전자/통신/IT
자동차
중화학
항공/물류
유통
의료/바이오
중기/벤처
일반
경제
경제정책
경제지표
생활경제
일반
국제
국제경제
국제일반
미국
중국
아시아
유럽/중동
정치
대통령실/총리실
국회/정당
국방/외교
정책
일반
사회
법조
교육
사건/사고
노동/취업
전국
인사/부음
동정
일반
오피니언
논현논단
논현광장
시론
AI 만평
데스크 시각
마감 후
칼럼
노트북 너머
문화·라이프
관광
방송/TV
영화
음악
공연/출판
스포츠
일반
뉴스발전소
이슈크래커
요즘, 이거
그래픽스
한 컷
이투데이TV
e스튜디오
랭킹영상
스페셜리포트
Channel 5
위너스IR클럽
날씨",bs4:body_fallback,5837,https://www.etoday.co.kr/news/view/2432307,2024.12.26.
6,2024-12-24,"또한 제주 구좌에는 제주 국가위성운영센터를 설립했고, 민간우주기업의 유치에도 적극적이다. 위성영상 수신, 처리 등을 하는 업체컨텍과 소형 위성발사체를 연구하는 페리지에어로스페이스 등 민간 기업들 역시 제주에 터를 잡았다. 제주뿐 아니라 전남, 경남, 대전 세 곳에우주항공 클러스터...",프레스맨,민간우주산업 시대 '활짝'... 국내는 아직도 '걸음마' 수준,"우주산업, 2040년엔 2조 7000억 달러 규모
지자체와 민간기업 결합, 이제 걸음마 떼
지상장비, 위성통신 분야 선점해 시장주도
지난 10월 하단 로켓 추진체 회수에 성공한 스페이스X에 대한 평가가 높아지는 가운데, 글로벌기업들의 민간우주산업 투자가 줄을 잇고 있다.
앞서 10월 13일 스페이스X는 자사의 발사체 스타쉽의 하단 추진체인 ‘슈퍼헤비’를 발사 7분 후에 발사대로 안착하는 데 성공했다. 이전 팩컨9 모델 역시 1단 추진체는 회수 후 재사용해왔지만 팰컨(지름 5.2m, 길이 70m)보다 더 무거운 스타쉽(지름 9m, 길이 120m) 역시 재사용이 가능하다는 것을 실증하자, 스페이스X의 기업가치가 종전 2,100억 달러(약 305조원)에서 2,500억 달러(약 363조원)로 크게 뛰었다.
성장해가는 우주산업 규모, 우리는 얼마나 준비됐나?
글로벌 우주산업 컨설팅 회사인 유로컨설트에 따르면, 국제 우주산업시장의 규모는 2022년 기준 4,640억 달러 규모인 것으로 나타났다. 이중 위성방송통신과 내비게이션 등 상업고객을 대상으로 한 산업시장은 약 3,620억 달러(약 526조원) 규모다.
우주산업시장의 성장규모는 매우 가파르다. 투자은행 모건스탠리는 우주산업 시장의 규모를 2030년 5900억 달러, 2040년에는 2조 7000억 달러 규모로 성장할 것으로 전망했다.
그렇다면 한국의 우주산업은 어느 정도 수준일까. 한국은 그동안 국가 주도로 우주산업을 육성해왔다. 우주발사체 기술을 국가차원에서 확보해야할 핵심기술로 인지해 개발에 집중했다.
이러한 제도적 바탕으로 1992년 인공위성 우리별1호를 시작으로, 자체 인공위성 개발에 성공한 바 있다. 또한 2000년대부터 자체 발사체 연구를 시작, 그 결실이 2022년 누리호 발사성공로 이어졌다. 이는 세계에서 10번째로 자력으로 인공위성과 발사체를 개발, 발사할 수 있는 나라가 된 것이다.
이러한 기술적 성과에도 아직 국내 민간우주산업에 참여하는 기업체는 매우 적다. 국내 우주산업분야의 시장 규모는 정부와 민간을 합쳐 1조 2000억원 규모에 불과하다.
정부는 2045년까지 글로벌 우주산업 시장 점유율을 10%로 끌어올린다는 계획이다. 정부는 공공부문 우주개발 투자액을 2021년 7300억원에서 2027년 1조 5,000억원 수준으로 늘릴 예정이다.
일각에서는 공공부문뿐만 아니라 민간에 대한 투자 역시 크게 늘려야 한다는 의견이 있다. 한국경제인협회에서 발간한 ‘우주항공산업발전방안보고서’에서는 일본의 민간우주기금은 9조원이지만 국내 민간투자기금은 100억원대에 불과하다며 민간 우주산업에 대한 대대적인 투자가 있어야 한다고 강조한다.
지자체와 민간우주기업의 결합, 새로운 산업으로 성장할까?
이런 분위기 속에서 국내 민간우주기업과 지역자치단체 간 협업을 통해 민간우주산업의 활성화를 도모하는 모델도 나오고 있다.
제주특별자치도는 항공우주기업체의 유치에 열을 올려왔다. 한화시스템이 추진하는 ‘우주분야로의 방위산업 확장’에 호응해 옛 탐라대학교 부지에 제주한화우주센터를 유치하고, 제주에서 저궤도 위성을 조립하고 시험하는 소형위성제조공장 설립을 계획 중이다.
또한 제주 구좌에는 제주 국가위성운영센터를 설립했고, 민간 우주기업의 유치에도 적극적이다. 위성영상 수신, 처리 등을 하는 업체 컨텍과 소형 위성발사체를 연구하는 페리지에어로스페이스 등 민간 기업들 역시 제주에 터를 잡았다.
제주뿐 아니라 전남, 경남, 대전 세 곳에 우주항공 클러스터 삼각체제를 구축한다는 계획도 발표됐다. 우주항공청은 2030년까지 3808억원을 투입해 전남 고흥 나로우주센터에 민간 우주발사체 발사를 위한 제반시설을 들이고 발사체기술사업화센터를 건립한다.
경남에는 민간이 개발한 위성을 우주와 비슷한 환경에서 시험할 수 있는 제반시설을 들인다. 또한 대전 KAIST 내에 우주기술혁신인재양성센터를 설립해 우주기술 핵심인재를 양성한다는 계획이다.
우주산업 육성, 선택과 집중 필요
우주산업의 발전으로 우주에 대한 패러다임도 달라지고 있고 있다. 과거 우주가 정부주도의 기술경쟁의 장이었다면, 현재의 우주는 민간주도의 새로운 산업분야로 인식된다. 이른바 올드 스페이스(Old Space) 시대에서 뉴 스페이스(New Space)시대로 전환된 것이다.
민간 주도의 우주산업에서는 다양한 공급과 수요가 발생하기 마련이고, 이러한 우주산업의 공급망을 이해하고 빠르게 선점하는 것이 중요하다는 게 업계 관계자들의 이야기다.
‘우주항공산업 발전방안 보고서’에 따르면, 위성통신, 지상장비 제조분야는 전체 우주산업에서 70%의 비중을 차지한다. 보고서는 이 점을 들어, 모든 우주분야를 육성하는 것보다 우선적으로 선택과 집중이 필요하다고 말한다.
보고서 저자인 국민대학교 곽신웅 교수는 “IT제조 강국의 역량을 바탕으로 단말기, 관제·수신 장비 등 지상장비 시장을 육성하고, 인공위성 제작 단가를 낮추는 생산기술 개발을 통해 시장규모가 큰 저궤도 위성통신 서비스에 주력해야 한다”고 강조했다. [프레스맨]

개의 댓글
회원로그인
작성자
비밀번호
댓글 내용입력
0
/ 400
등록
댓글 정렬
최신순
추천순
답글순
BEST댓글
BEST 댓글
답글과 추천수를 합산하여 자동으로 노출됩니다.
닫기
더보기
댓글삭제
삭제한 댓글은 다시 복구할 수 없습니다.
그래도 삭제하시겠습니까?
비밀번호
삭제
닫기
댓글수정
댓글 수정은 작성 후 1분내에만 가능합니다.
본문
/ 400
비밀번호
수정
닫기
내 댓글 모음
닫기gksanr0103@pressman.kr다른기사 보기
Tag
키워드
#우주산업
#대우주시대
#발사체
#인공위성
#위성통신
#지상장비
#우주기술",bs4:generic(div.article-body),2739,https://www.pressman.kr/news/articleView.html?idxno=86640,2024.12.24.
7,2024-12-23,이성희 ㈜컨텍대표 ▲과기정통부 선정 국가전략기술을 보유하고 소형우주발사체 개발을 전문으로 하는 신동윤 ㈜페리지에어로스페이스 대표 등 4명이 수상했다.우주분야 관계자 수상자는 ▲우주산업클러스터 연구·인재개발 특화지구 사업기획에 참여하고우주기술혁신 인재양성센터 국비확보에 기여한...,굿모닝충청,"대전시,우주산업 발전 유공자 8명 표창","이전 기사보기
다음 기사보기
대전시, 우주산업 발전 유공자 8명 표창
기사스크랩하기
다른 공유 찾기
본문 글씨 키우기
본문 글씨 줄이기
스크롤 이동 상태바
대전시는 23일, 우주산업 유공자 8명을 선정해 포상했다.(사진=대전시)
[굿모닝충청]  대전시는 23일 혁신적인 기술과 열정으로 지역 우주산업 발전과 우주산업 클러스터 조성에 기여한 유공자 8명을 선정해 포상했다.
포상자는 기업인 4명과 우주 분야 관계자 4명이며, 이들에게는 대전광역시장 표창이 수여됐다.
기업인 분야는 ▲글로벌 위성전문기업으로 지역경제와 우주기술 발전에 크게 기여하고 있는 김이을 ㈜쎄트렉아이 대표 ▲위성데이터 분석 소프트웨어 개발과 지구관측용 상용위성 개발·운용까지 세계시장 진출을 확장하고 있는 최명진 ㈜한컴인스페이스 대표 ▲국내 우주스타트업 1호 상장기업이자 지상국 서비스 분야에서 글로벌 위상을 드높이고 있는 이성희 ㈜컨텍 대표 ▲과기정통부 선정 국가전략기술을 보유하고 소형 우주발사체 개발을 전문으로 하는 신동윤 ㈜페리지에어로스페이스 대표 등 4명이 수상했다.
우주분야 관계자 수상자는 ▲우주산업클러스터 연구·인재개발 특화지구 사업기획에 참여하고 우주기술혁신 인재양성센터 국비확보에 기여한 한재흥 KAIST 우주연구원장 ▲우주광학분야 전문가로 우주기업 육성과 우주분야 학과 개설로 인재양성에 기여한 김건희 한밭대학교 우주국방연구소장 ▲ 한남대 H-미니클러스터 출범으로 지역 우주산업 생태계 활성화에 기여한 유민호 한남대학교 위성활용연구센터 팀장 ▲우주산업 혁신기반 조성사업을 통해 우주기업 성장을 밀착 지원하고 있는 김민성 대전테크노파크 대리 등 4명이 차지했다.
포상 수여 이후 진행된 간담회에서 참석자들은 대전샛 프로젝트, 대전투자금융 출범, 교촌동 국가산업단지 등 대전시가 추진하고 있는 산업정책에 대해 기대감을 나타내며 협력 의지를 보였다.
장호종 대전시 경제과학부시장은 ""대한민국을 넘어 세계로 뻗어가는 대전 우주기업이 자랑스럽다""라면서 ""대전이 국가 우주산업클러스터의 중심축으로 우뚝 서고 우주경제를 선도하는 글로벌 우주산업 중심도시로 도약하는 데 힘을 모아 함께 나아가자""라고 말했다.

키워드
#대전시
#우주산업
#김이을
#쎄트렉아이
#최명진
#한컴인스페이스
#컨텍
좋아요
1
훈훈해요
0
슬퍼요
0
화나요
0
후속기사 원해요
0
아쉬워요
0
공유하고 싶어요
0
댓글 내용입력
더보기
비밀번호
닫기
본문
/ 400
비밀번호
닫기
내 댓글 모음
닫기
위로
모바일버전
전체메뉴닫기",bs4:body_fallback,1218,https://www.goodmorningcc.com/news/articleView.html?idxno=411397,2024.12.23.
8,2024-12-23,"기업인 분야 수상자는 글로벌 위성전문기업 쎄트렉아이 김이을 대표를 비롯해 위성데이터 분석 소프트웨어 개발 기업 한컴인스페이스의 최명진 대표, 국내우주스타트업 1호 상장기업인컨텍의 이성희 대표, 소형우주발사체 전문기업 페리지에어로스페이스의 신동윤 대표 등 4명이다.우주분야 관계자로는...",헬로디디,"우주도시 대전, 4개 기업우주산업 유공 선정","2024년 우주산업 발전 유공 포상식 진행
쎼트렉아이·한컴인스페이스·컨텍·페리지에어로스페어스 선정
우주분야 관계자 포상 수여 함께 이뤄져
대전시가 지역 우주산업 발전과 우주산업 클러스터 조성에 기여한 유공자 8명을 선정해 표창했다. 23일 시청에서 열린 '2024년 우주산업 발전 유공 포상식'에서는 우수 기업인과 우주분야 관계자들이 대전시장 표창을 받았다.
기업인 분야 수상자는 글로벌 위성전문기업 쎄트렉아이 김이을 대표를 비롯해 위성데이터 분석 소프트웨어 개발 기업 한컴인스페이스의 최명진 대표, 국내 우주스타트업 1호 상장기업인 컨텍의 이성희 대표, 소형 우주발사체 전문기업 페리지에어로스페이스의 신동윤 대표 등 4명이다.
우주분야 관계자로는 한재흥 KAIST 우주연구원장이 우주산업클러스터 연구·인재개발 특화지구 사업기획과 우주기술혁신 인재양성센터 국비확보에 기여한 공로를 인정받았다.
또한 우주광학분야 전문가로 우주기업 육성과 우주분야 학과 개설로 인재양성에 기여한 김건희 한밭대 우주국방연구소장, 한남대 H-미니클러스터 출범으로 지역 우주산업 생태계 활성화에 기여한 유민호 한남대 위성활용연구센터 팀장, 우주기업 성장지원을 담당하는 김민성 대전테크노파크 대리가 수상의 영예를 안았다.
장호종 대전시 경제과학부시장은 ""대전이 국가 우주산업클러스터의 중심축으로 우뚝 서고 우주경제를 선도하는 글로벌 우주산업 중심도시로 도약하는 데 힘을 모아달라""고 당부했다.
아래는 우주산업 발전 유공자.
◇기업인
△김이을 쎄트렉아이 대표 △최명진 한컴인스페이스 대표
△이성희 컨텍 대표 △신동윤 페리지에어로스페이스 대표
◇우주분야 관계자
△한재흥 KAIST 우주연구원장 △김건희 한밭대 우주국방연구소장
△유민호 한남대 위성활용연구센터 팀장 △김민성 대전테크노파크 대리h951009@hellodd.com
딥테크 도시 대전을 널리 알리겠습니다.의 다른기사 보기",bs4:generic(div.article-body),923,http://www.hellodd.com/news/articleView.html?idxno=106473,2024.12.23.
9,2024-12-23,"기업인 분야는 김이을 ㈜쎄트렉아이 대표, 최명진 ㈜한컴인스페이스 대표, 이성희 ㈜컨텍대표, 신동윤 ㈜페리지에어로스페이스 대표 등이며우주분야는 한재흥 KAIST우주연구원장, 김건희 한밭대학교우주국방연구소장, 유민호 한남대학교 위성활용연구센터 팀장, 김민성 대전테크노파크 대리 등이다....",뉴스프리존,"[대전시 소식] 신대지구, 韓 물산업 혁신성장 거점 도약 등","[대전=뉴스프리존]= 대전시는 23일 대덕구, 한국수자원공사와 함께 신대지구에 들어설 ‘대전 디지털 물산업밸리’의 성공적인 조성을 위한 기본 협약을 체결했다고 밝혔다.
이날 협약식에는 이장우 대전시장을 비롯해 대덕구청장 최충규, 한국수자원공사 임원진 등 주요 관계자들이 참석했다.
협약에는 ‘대전 디지털 물산업밸리’의 성공적 조성을 위해 지자체와 Kwater 간 상호 협력과 업무수행에 필요한 사항을 담았다.
협약에 따라 대전시와 대덕구는 기업 유치, 민원 해소 및 기반시설 등에 필요한 행정지원을 주관하고, 한국수자원공사는 산업단지 조성을 위한 예비타당성 조사, 연구개발특구 지정 등 행정절차를 이행하고 산단 조성 공사를 맡게 된다.
‘대전 디지털 물산업밸리’는 물산업 혁신성장 거점으로서 대덕구 신대동 일원에 31만5000㎡(약 9만5000평) 규모로 조성된다.
2022년부터 한국수자원공사에서 타당성 조사 용역을 진행했으며 내년 상반기에 예비타당성 조사를 신청하고 2028년부터 공사를 추진할 계획이다.
시는 ‘대전 디지털 물산업밸리’를 대덕연구개발특구로 지정하여 기업들에게 매력적인 산업단지가 될 수 있도록 추진한다는 방침이다.
◆ ‘대청호수로’, 문체부 자전거 자유여행코스 60선 선정
대전시 ‘대청호수로(일명 추동길)’가 문화체육관광부가 주관하는 ‘자전거 자유여행코스 60선’에 최종 선정됐다.
자전거 자유여행코스는 문체부에서 지역 관광지로 연결되는 다양한 자전거 코스를 발굴하여 지역 관광 및 지역경제를 활성화하기 위해 올해 5월부터 선정하고 있다.
이번에 선정된 ‘대청호수로’는 대청댐 인증센터에서 출발해 대덕구 로하스가족공원캠핑장을 거쳐 동구 비룡삼거리에 이르는 28.8km 구간이다. 시민들에게는 “추동길”로 널리 알려진 우리지역의 대표 힐링 명소다.
시는 현재 대청호수로 자전거·보행자 겸용 도로를 정비 중으로 앞으로 자전거 동호인들뿐만 아니라 일반 시민과 우리 지역을 찾는 관광객들이 더 안전하고 편리하게 여행을 할 수 있을 것으로 기대된다.
또 국토종주 금강 자전거길과 연계한 자전거여행 프로그램 개발도 계획하고 있어 더욱 다양한 즐길 거리가 예상된다.
◆ KAIST 최신형·한밭대 정길언, 대한민국 인재상 수상
KAIST 최신형, 국립한밭대학교 정길언 씨가 2024 대한민국 인재상(대학생·청년 일반인분과)을 수상했다.
KAIST 건설 및 환경공학 박사과정 재학 중인 최신형 씨는 해양 생분해성 종이 코팅 소재 개발 및 3D 프린팅과 생분해성 플라스틱 융합 연구를 통해 SCI급 논문에 다수 선정되는 성과를 거뒀다.
정길언 씨는 국립한밭대학교 소속으로 다물리, 다물체 구조해석을 수행할 때 필연적으로 발생하는 불일치 격자를 처리하기 위한 방법론을 개발하여 SCIE 논문 게재(2건) 및 국가과학기술연구회 우수 신진연구자상(2021)을 수상한 인재다.
이번 대한민국 인재상 수상자는 전국의 고교생 50명과 대학생·청년 50명 등 총 100명으로 학교장 또는 소속기관장 등의 추천을 받은 인재를 지역 및 중앙심사위원회 심의를 거쳐 최종 선정됐다. 수상자에게는 교육부장관상과 상금(200만 원)이 부상으로 주어졌다.
‘대한민국 인재상’은 2001년 ‘21세기를 이끌 우수인재상’이란 이름으로 처음 시작돼 2008년에 ‘대한민국 인재상’으로 확대 개편됐으며 지난해까지 총 2396명의 수상자를 배출했다.
◆ 우주산업 발전 유공자 8명 표창
대전시는 23일 혁신적인 기술과 열정으로 지역 우주산업 발전과 우주산업 클러스터 조성에 기여한 유공자 8명을 포상했다.
이날 개최된 2024년 우주산업 발전 유공 포상식에서는 기업인 4명과 우주분야 관계자 4명이 대전시장 표창을 받았다.
기업인 분야는 김이을 ㈜쎄트렉아이 대표, 최명진 ㈜한컴인스페이스 대표, 이성희 ㈜컨텍 대표, 신동윤 ㈜페리지에어로스페이스 대표 등이며 우주분야는 한재흥 KAIST 우주연구원장, 김건희 한밭대학교 우주국방연구소장, 유민호 한남대학교 위성활용연구센터 팀장, 김민성 대전테크노파크 대리 등이다.
포상 수여 이후 진행된 간담회에서 참석자들은 대전샛 프로젝트, 대전투자금융 출범, 교촌동 국가산업단지 등 대전시가 추진하고 있는 산업정책에 대해 기대감을 나타내며 협력 의지를 보였다.
기사제보
다른기사의 인기기사
이장우, 재선 출마 선언… “트램 3~6호선 구축·민생 패키지 추진”
전문학 “청년이 예산 짠다”… ‘청년자율예산’ 카드 꺼냈다
허태정 “오직 민생”… 5개 구 맞춤 공약 발표
개의 댓글
회원로그인
작성자
비밀번호
댓글 내용입력
0
/ 400
등록
댓글 정렬
최신순
추천순
답글순
BEST댓글
BEST 댓글
답글과 추천수를 합산하여 자동으로 노출됩니다.
닫기
더보기
댓글삭제
삭제한 댓글은 다시 복구할 수 없습니다.
그래도 삭제하시겠습니까?
비밀번호
삭제
닫기
댓글수정
댓글 수정은 작성 후 1분내에만 가능합니다.
본문
/ 400
비밀번호
수정
닫기
내 댓글 모음
닫기
추천
1
반대
0
SNS 기사보내기
페이스북(으)로 기사보내기
트위터(으)로 기사보내기
카카오스토리(으)로 기사보내기

네이버포스트(으)로 기사보내기
URL복사(으)로 기사보내기
이메일(으)로 기사보내기
다른 공유 찾기
기사스크랩하기
을 응원해주세요.
여러분의 후원이 지속가능한 저널리즘을 만듭니다.
정기후원 하기",bs4:generic(div.article-body),2564,https://www.newsfreezone.co.kr/news/articleView.html?idxno=602040,2024.12.23.
10,2024-12-23,"기업 분야에서는 김이을 ㈜쎄트렉아이 대표와 최명진 ㈜한컴인스페이스 대표, 이성희 ㈜컨텍대표, 신동윤 ㈜페리지에어로스페이스 대표 등 4명이 지역경제와우주기술 발전에 기여한 공으로 수상했다.우주분야 수상자는 한재흥 KAIST우주연구원장, 김건희 한밭대학교우주국방연구소장, 유민호 한남대학교...",뉴시스,"대전시,우주산업 발전 유공자 포상…8명 표창","[대전=뉴시스]대전시는 23일 혁신적인 기술과 열정으로 지역 우주산업 발전과 우주산업 클러스터 조성에 기여한 유공자 8명을 포상했다. (사진=대전시 제공). 2024. 12. 23
[email protected]
*재판매 및 DB 금지
[대전=뉴시스]= 대전시는 23일 지역 우주산업 발전과 우주산업 클러스터 조성에 기여한 유공자 8명을 포상했다고 밝혔다.
이날 개최된 2024년 우주산업 발전 유공 포상식에서는 기업인 4명과 우주분야 관계자 4명이 대전광역시장 표창을 받았다.
기업 분야에서는 김이을 ㈜쎄트렉아이 대표와 최명진 ㈜한컴인스페이스 대표, 이성희 ㈜컨텍 대표, 신동윤 ㈜페리지에어로스페이스 대표 등 4명이 지역경제와 우주기술 발전에 기여한 공으로 수상했다.
우주분야 수상자는 한재흥 KAIST 우주연구원장, 김건희 한밭대학교 우주국방연구소장, 유민호 한남대학교 위성활용연구센터 팀장, 김민성 대전테크노파크 대리 등 4명이다.
이후 진행된 간담회에서 참석자들은 대전샛 프로젝트, 대전투자금융 출범, 교촌동 국가산업단지 등 대전시가 추진하고 있는 산업정책에 대한 기대감과 협력 의지를 보였다.
장호종 대전시 경제과학부시장은 ""대전이 국가 우주산업클러스터의 중심축으로 우뚝 서고 우주경제를 선도하는 글로벌 우주산업 중심도시로 도약하는 데 힘을 모아 함께 나아가자""고 말했다.
◎공감언론 뉴시스
[email protected]",bs4:generic(article),689,https://www.newsis.com/view/NISX20241223_0003007536,2024.12.23.
11,2024-12-23,이성희 ㈜컨텍대표 △과기정통부 선정 국가전략기술을 보유하고 소형우주발사체 개발을 전문으로 하는 신동윤 ㈜페리지에어로스페이스 대표 등 4명이 수상했다.우주분야 관계자 수상자는우주산업클러스터 연구·인재개발 특화지구 사업기획에 참여하고우주기술혁신 인재양성센터 국비확보에 기여한...,데일리한국,"대전시,우주산업 발전 유공자 8명 표창","기업인 4명, 우주분야 관계자 4명 포상 수여 및 간담회
글로벌 우주산업 중심도시 도약 위해 협력 다짐
[대전=데일리한국] 대전시는 23일 혁신적인 기술과 열정으로 지역 우주산업 발전과 우주산업 클러스터 조성에 기여한 유공자 8명을 포상했다.
이날 개최된 2024년 우주산업 발전 유공 포상식에서는 기업인 4명과 우주분야 관계자 4명이 대전광역시장 표창을 받았다.
기업인 분야는 △글로벌 위성전문기업으로 지역경제와 우주기술 발전에 크게 기여하고 있는 김이을 ㈜쎄트렉아이 대표 △위성데이터 분석 소프트웨어 개발과 지구관측용 상용위성 개발·운용까지 세계시장 진출을 확장하고 있는 최명진 ㈜한컴인스페이스 대표 △국내 우주스타트업 1호 상장기업이자 지상국 서비스 분야에서 글로벌 위상을 드높이고 있는 이성희 ㈜컨텍 대표 △과기정통부 선정 국가전략기술을 보유하고 소형 우주발사체 개발을 전문으로 하는 신동윤 ㈜페리지에어로스페이스 대표 등 4명이 수상했다.
우주분야 관계자 수상자는 우주산업클러스터 연구·인재개발 특화지구 사업기획에 참여하고 우주기술혁신 인재양성센터 국비확보에 기여한 한재흥 KAIST 우주연구원장, 우주광학분야 전문가로 우주기업 육성과 우주분야 학과 개설로 인재양성에 기여한 김건희 한밭대학교 우주국방연구소장,  한남대 H-미니클러스터 출범으로 지역 우주산업 생태계 활성화에 기여한 유민호 한남대 위성활용연구센터 팀장, 우주산업 혁신기반 조성사업을 통해 우주기업 성장을 밀착 지원하고 있는 김민성 대전테크노파크 대리 등 4명이 차지했다.
포상 수여 이후 진행된 간담회에서 참석자들은 대전샛 프로젝트, 대전투자금융 출범, 교촌동 국가산업단지 등 대전시가 추진하고 있는 산업정책에 대해 기대감을 나타내며 협력 의지를 보였다.
장호종 대전시 경제과학부시장은 “대한민국을 넘어 세계로 뻗어가는 대전 우주기업이 자랑스럽다라면서 “대전이 국가 우주산업클러스터의 중심축으로 우뚝 서고 우주경제를 선도하는 글로벌 우주산업 중심도시로 도약하는 데 힘을 모아 함께 나아가자”라고 말했다.다른 기사 보기
기사공유",bs4:generic(article),1007,https://daily.hankooki.com/news/articleView.html?idxno=1162642,2024.12.23.
12,2024-12-23,"장호종 대전시 경제과학부시장은 19일 국내우주스타트업 상장 1호 기업인 ㈜컨텍을 방문했다. 이날 간담회에는 ㈜컨텍이성희 대표와 안재봉 부대표를 포함한 주요 임원들이 참석한 가운데,우주산업 육성 방안과우주산업 상호 협력 가능성 등을 논의했다. 대전시는 앞으로우주산업 현장의 현실적인 이해를...",프라임경제,"프라임경제Keep에 저장Keep에 바로가기""우주로 도약하는 대전""우주산업 발전 선도자 8인에 표창이성희 ㈜컨텍대표 △과기정통부 선정 국가전략기술을 보유하고 소형우주발사체 개발을 전문으로 하는 신동윤 ㈜페리지에어로스페이스 대표 등 4명이 수상했다.우주분야 관계자 수상자는 △우주산업클러스터 연구·인재개발 특화지구 사업기획에 참여하고우주기술혁신 인재양성센터 국비확보에 기여한...충남일보Keep에 저장Keep에 바로가기대전시, 지역우주산업 발전 기여 유공자 8명 표창이성희 ㈜컨텍대표, 과학기술정보통신부 선정 국가전략기술을 보유하고 소형우주","장호종 대전시 경제과학부시장은 19일 국내 우주 스타트업 상장 1호 기업인 ㈜컨텍을 방문했다.
이날 간담회에는 ㈜컨텍 이성희 대표와 안재봉 부대표를 포함한 주요 임원들이 참석한 가운데, 우주산업 육성 방안과 우주산업 상호 협력 가능성 등을 논의했다.
대전시는 앞으로 우주산업 현장의 현실적인 이해를 바탕으로 향후 지역 우주기업과의 긴밀한 협력 체계 구축을 위한 발판을 마련할 계획이다.imk0802@hanmail.net
다른기사 보기

개의 댓글
작성자
비밀번호
댓글 내용입력
0
/ 400
등록
댓글 정렬
최신순
추천순
답글순
BEST댓글
BEST 댓글
답글과 추천수를 합산하여 자동으로 노출됩니다.
닫기
더보기
댓글삭제
삭제한 댓글은 다시 복구할 수 없습니다.
그래도 삭제하시겠습니까?
비밀번호
삭제
댓글수정
댓글 수정은 작성 후 1분내에만 가능합니다.
본문
/ 400
비밀번호
수정
내 댓글 모음
닫기",bs4:generic(div.article-body),451,http://www.bzeronews.com/news/articleView.html?idxno=692269,2024.12.23.
13,2024-12-23,이성희 ㈜컨텍대표 △과기정통부 선정 국가전략기술을 보유하고 소형우주발사체 개발을 전문으로 하는 신동윤 ㈜페리지에어로스페이스 대표 등 4명이 수상했다.우주분야 관계자 수상자는 △우주산업클러스터 연구·인재개발 특화지구 사업기획에 참여하고우주기술혁신 인재양성센터 국비확보에 기여한...,프라임경제,"""우주로 도약하는 대전""우주산업 발전 선도자 8인에 표창","즐겨찾기추가
|
中文
|
日文
|
English
|
기사제보
|
자본시장
산업
부동산
중기벤처
정치사회
오피니언
아하!그렇군요
지역
AI 뉴스룸
금융
증권
재테크
경제
일반
보도자료
전체
자동차/운송
자동차소식
중화학
전자통신
인터넷/게임
생활
건강
교육
일반
보도자료
전체
정책
분양
재테크
기업
일반
보도자료
전체
기업탐방
컨택센터
업계교육소식
협단체뉴스
중기벤처일반
보도자료
전체
정치
사회
인사/부음/동정
보도자료수첩
칼럼
기고
보도자료
전체
기업심층해부
여의도25시
탐사보도
아하!그렇군요
생활경제 해피포인트
인사이드컷
보도자료
전체
정치
사회
경제
문화수첩
엔터테인먼트

공지
보도자료
전체
글자크기
""우주로 도약하는 대전"" 우주산업 발전 선도자 8인에 표창
기업·연구 분야 공로 인정… 글로벌 우주산업 중심도시 도약 다짐| gptjd00@hanmail.net
|
 2024.12.23 16:12:38
[프라임경제] 대전시는 23일 지역 우주산업 발전과 우주산업 클러스터 조성에 기여한 유공자 8명을 대상으로 포상식을 개최했다.
23일 지역 우주산업 발전과 우주산업 클러스터 조성에 기여한 유공자 8명을 대상으로 포상식을 개최 후 기념촬영을 하고 있다. ⓒ 대전시
이번 '2024년 우주산업 발전 유공 포상식'에서는 기업인 4명과 우주분야 관계자 4명이 대전광역시장 표창을 받으며, 대전 우주산업 발전에 헌신한 공로를 인정받았다.
기업인 분야는 △글로벌 위성전문기업으로 지역경제와 우주기술 발전에 크게 기여하고 있는 김이을 ㈜쎄트렉아이 대표 △위성데이터 분석 소프트웨어 개발과 지구관측용 상용위성 개발·운용까지 세계시장 진출을 확장하고 있는 최명진 ㈜한컴인스페이스 대표 △국내 우주스타트업 1호 상장기업이자 지상국 서비스 분야에서 글로벌 위상을 드높이고 있는 이성희 ㈜컨텍 대표 △과기정통부 선정 국가전략기술을 보유하고 소형 우주발사체 개발을 전문으로 하는 신동윤 ㈜페리지에어로스페이스 대표 등 4명이 수상했다.
우주분야 관계자 수상자는 △우주산업클러스터 연구·인재개발 특화지구 사업기획에 참여하고 우주기술혁신 인재양성센터 국비확보에 기여한 한재흥 KAIST 우주연구원장 △우주광학분야 전문가로 우주기업 육성과 우주분야 학과 개설로 인재양성에 기여한 김건희 한밭대학교 우주국방연구소장 △ 한남대 H-미니클러스터 출범으로 지역 우주산업 생태계 활성화에 기여한 유민호 한남대학교 위성활용연구센터 팀장 △우주산업 혁신기반 조성사업을 통해 우주기업 성장을 밀착 지원하고 있는 김민성 대전테크노파크 대리 등 4명이 차지했다.
포상 수여식 이후 열린 간담회에서는 대전시가 추진 중인 '대전샛 프로젝트', '대전투자금융 출범', '교촌동 국가산업단지 개발' 등에 대한 참석자들의 긍정적인 기대감과 협력 의지가 표명됐다.
장호종 대전시 경제과학부시장은 ""대전은 대한민국 우주산업의 중심축으로 자리 잡고 있다""며 ""세계로 뻗어가는 대전 우주기업과 함께 글로벌 우주산업 중심도시로 도약하기 위해 힘을 모아 나가자""고 밝혔다.
한편, 대전시는 이번 포상을 계기로 우주산업 클러스터 조성에 더욱 박차를 가하며, 지역 경제와 국가 경쟁력 강화에 기여할 방침이다.gptjd00@hanmail.net의 전체기사 보기
이 기사를 공유해보세요
ⓒ 프라임경제(http://www.newsprime.co.kr) 
많이 본 뉴스
인사이드컷
[포토] 'AI 공존' TCK '2026 인사이트 포럼'
…
+
더보기
회사소개
|
광고/제휴문의
|
찾아오시는길
|
이용약관
|
개인정보취급방침
|
이메일 무단수집거부
|
청소년보호정책
|
독자권익위원회
|
고객센터
(우) 07333 서울시 영등포구 여의대방로67길 9 (여의도동 44-33) 두일빌딩3층 | Tel : 02-761-6114 | Fax : 02-761-6163
상호명 : (주)프라임경제 (제호:프라임경제) | 회장 : 이승찬 | 발행인 : 이종엽 | 편집인 : 이 호 | 청소년보호관리책임자 : 정호수
인터넷신문 등록 No.서울,아00487 등록일자:2008년01월04일 발행일자:2005년10월01일

모바일 보기",bs4:body_fallback,1987,http://www.newsprime.co.kr/news/article.html?no=668362,2024.12.23.
14,2024-12-23,"이성희 ㈜컨텍대표, 과학기술정보통신부 선정 국가전략기술을 보유하고 소형우주발사체 개발을 전문으로 하는 신동윤 ㈜페리지에어로스페이스 대표가 수상했다.우주분야 관계자 수상은우주산업클러스터 연구·인재개발 특화지구 사업기획에 참여하고우주기술혁신 인재양성센터 국비확보에 기여한 한재흥...",충남일보,"대전시, 지역우주산업 발전 기여 유공자 8명 표창","[충남일보] 대전시는 23일 혁신적인 기술과 열정으로 지역 우주산업 발전과 우주산업클러스터 조성에 기여한 유공자 8명을 포상했다고 밝혔다.
시에 따르면 이날 포상식에선 기업인 4명과 우주분야 관계자 4명이 시장 표창을 받았다.
기업인 분야는 글로벌 위성전문기업으로 지역경제와 우주기술 발전에 크게 기여하고 있는 김이을 ㈜쎄트렉아이 대표, 위성데이터 분석 소프트웨어 개발과 지구관측용 상용위성 개발·운용까지 세계시장 진출을 확장하고 있는 최명진 ㈜한컴인스페이스 대표, 국내 우주스타트업 1호 상장기업이자 지상국 서비스 분야에서 글로벌 위상을 드높이고 있는 이성희 ㈜컨텍 대표, 과학기술정보통신부 선정 국가전략기술을 보유하고 소형 우주발사체 개발을 전문으로 하는 신동윤 ㈜페리지에어로스페이스 대표가 수상했다.
우주분야 관계자 수상은 우주산업클러스터 연구·인재개발 특화지구 사업기획에 참여하고 우주기술혁신 인재양성센터 국비확보에 기여한 한재흥 KAIST 우주연구원장, 우주광학분야 전문가로 우주기업 육성과 우주분야 학과 개설로 인재양성에 기여한 김건희 한밭대 우주국방연구소장, 한남대 H-미니클러스터 출범으로 지역 우주산업 생태계 활성화에 기여한 유민호 한남대 위성활용연구센터 팀장, 우주산업 혁신기반 조성사업을 통해 우주기업 성장을 밀착 지원하고 있는 김민성 대전테크노파크 대리가 차지했다.
포상 수여 후 진행된 간담회에서 참석자들은 대전샛 프로젝트, 대전투자금융 출범, 교촌동 국가산업단지 등 시가 추진하고 있는 산업정책에 대해 기대감을 나타내며 협력 의지를 보였다.
장호종 경제과학부시장은 “대한민국을 넘어 세계로 뻗어가는 대전 우주기업이 자랑스럽다""며 “대전이 국가 우주산업클러스터의 중심축으로 우뚝 서고 우주경제를 선도하는 글로벌 우주산업 중심도시로 도약하는 데 힘을 모아 함께 나아가자”고 말했다.
이 기사를 공유합니다
페이스북(으)로 기사보내기
트위터(으)로 기사보내기
카카오스토리(으)로 기사보내기

네이버밴드(으)로 기사보내기
네이버블로그(으)로 기사보내기
핀터레스트(으)로 기사보내기
URL복사(으)로 기사보내기
닫기

댓글삭제
삭제한 댓글은 다시 복구할 수 없습니다.
그래도 삭제하시겠습니까?
비밀번호
삭제
닫기
기사 댓글
0
댓글 접기
로그인 후 이용 가능합니다.
댓글 내용입력
0
/ 400
비회원 로그인
이름
비밀번호
댓글 내용입력
0
/ 400
등록
댓글쓰기
계정을 선택하시면 로그인·계정인증을 통해
댓글을 남기실 수 있습니다.
회원 로그인
비회원 글쓰기
이름
비밀번호
자동등록방지
확인
취소
로그인 옵션 창닫기",bs4:generic(article),1250,http://www.chungnamilbo.co.kr/news/articleView.html?idxno=806545,2024.12.23.
15,2024-12-23,"기업인 분야는 글로벌 위성데이터 분석 소프트웨어 개발과 지구관측용 상용위성 개발·운용까지 세계시장 진출을 확장하고 있는 한컴인스페이스 최명진 대표와 위성전문기업 쎄트렉아이 김이을 대표, 국내우주스타트업 1호 상장기업컨텍이성희 대표, 소형우주발사체 개발 페리지에어로스페이스 신동윤...",전자신문,"대전시, 최명진 한컴인스페이스 대표 등 지역우주산업 발전 유공자 8명...","전국
대전시, 최명진 한컴인스페이스 대표 등 지역 우주산업 발전 유공자 8명 표창
발행일 : 2024-12-23 15:00
공유하기
페이스북
X(트위터)
메일
URL 복사
글자크기 설정
가
작게
가
보통
가
크게
대전시가 23일 지역 우주산업 발전과 클러스터 조성에 기여한 유공자 8명을 포상했다.
이날 열린 '2024년 우주산업 발전 유공 포상식'에서는 기업인 4명과 우주 분야 관계자 4명이 대전시장 표창을 받았다.
기업인 분야는 글로벌 위성데이터 분석 소프트웨어 개발과 지구관측용 상용위성 개발·운용까지 세계시장 진출을 확장하고 있는 한컴인스페이스 최명진 대표와 위성전문기업 쎄트렉아이 김이을 대표, 국내 우주스타트업 1호 상장기업 컨텍 이성희 대표, 소형 우주발사체 개발 페리지에어로스페이스 신동윤 대표 등 4명이 수상했다.
우주 분야 관계자 수상자는 KAIST 한재흥 우주연구원장, 한밭대 김건희 우주국방연구소장, 한남대 유민호 위성활용연구센터 팀장, 대전테크노파크 김민성 대리 등 4명이 차지했다.
포상 수여 이후 진행된 간담회에서 참석자들은 대전샛 프로젝트, 대전투자금융 출범, 교촌동 국가산업단지 등 대전시가 추진하고 있는 산업정책에 대해 기대감을 나타내며 협력 의지를 나타냈다.
장호종 대전시 경제과학부시장은 “대한민국을 넘어 세계로 뻗어가는 대전 우주기업이 자랑스럽다?며 ”대전이 국가 우주산업클러스터 중심축으로 우뚝 서고 우주 경제를 선도하는 글로벌 우주산업 중심도시로 도약하는 데 힘을 모아 함께 나아가자”고 말했다.
대전=sm104y@etnews.com",bs4:generic(article),770,https://www.etnews.com/20241223000185,2024.12.23.
16,2024-12-23,"루미르가 속한우주항공산업(누리호 인공위성 등) 관련주(네이버 증권)에는 제노코, 한화에어로스페이스,  LIG넥스원, AP위성, 퍼스텍 , 한화시스템, 현대로템, 한화, 세원이앤씨, 한글과컴퓨터, 켄코아에어로스페이스, 쎄트렉아이, 제노코 한국항공우주컨텍덕산하이메탈 한양디지텍 이수페타시스...",핀포인트뉴스,루미르 주가 덩실덩실... SAR 위성 시장서 '게임 체인저'로 주목,"루미르 주가가 크게 오르고 있다.
23일 한국거래소에 따르면 이날 오전 9시 17분 현재 14.58% 올라 9510원에 거래되고 있다.
루미르가 SAR 위성 시장에서 '게임 체인저'로 주목 받으며 강한 매수세가 몰리고 있는 것으로 보인다. '한국의 ICEYE'로 불리고 있다. ICEYE는 핀란드의 유명한 SAR 위성 개발 기업으로, 루미르는 이들의 뒤를 이어 국내 우주 산업을 선도할 것으로 기대된다.
SAR(Synthetic Aperture Radar) 위성은 레이더를 이용해 지구 표면을 관측하는 인공위성이다. 구름이나 안개 등 기상 조건에 영향을 받지 않고 고해상도 영상을 얻을 수 있어 지형 분석, 재난 감시, 해양 감시 등 다양한 분야에서 활용된다.
루미르는 차세대 중형위성 5호 센서 수주를 통해 기술력을 입증하며, 중형 수준의 성능을 초소형으로 구현할 수 있는 하드웨어 기술력을 보유하고 있다.
이는 소형 위성 시장에서 경쟁 우위를 확보할 수 있는 중요한 요소이다. 또한, 루미르는 SAR 영상 처리 기술과 탑재체를 기반으로 우주 산업 밸류 체인을 확장, 국내 우주 개발 계획 추진에 따라 사업 영역을 지속적으로 확대할 것으로 기대된다.
SAR 영상 처리 기술은 인공위성이나 항공기에 탑재된 레이더를 이용해 지구 표면을 관측하고, 그 데이터를 분석 고해상도의 영상 이미지를 생성하는 기술이다.
루미르가 속한 우주항공산업(누리호 인공위성 등) 관련주(네이버 증권)에는 제노코, 한화에어로스페이스,  LIG넥스원, AP위성, 퍼스텍 , 한화시스템, 현대로템, 한화, 세원이앤씨, 한글과컴퓨터, 켄코아에어로스페이스, 쎄트렉아이, 제노코 한국항공우주 컨텍 덕산하이메탈 한양디지텍 이수페타시스 대한항공 한글과컴퓨터  비츠로테크 한양이엔지 대한항공 에스에프에이 파이버프로 서남 태웅 인텔리안테크가 있다.
루미르는 국내 우주 산업의 새로운 역사를 써 내려가고 있다. SAR 위성 시스템을 기반으로 주야간 전천후 지구 관측이 가능한 위성 영상 및 정보 서비스를 제공, 인공위성 관련 전장품 개발과 우주 기술을 활용한 민수 장치 제조까지 사업 영역을 확장하고 있다.
대한민국 인공위성의 다양한 기술과 전장품의 국산화를 이루며 국내 우주 산업의 자립화에 크게 기여하고 있다. 최근에는 독자 기술로 개발한 누리호 3차 부탑재위성 LUMIR-T1 발사에 성공하며 민간 기업 최초로 우주 발사체에 위성을 탑재하는 쾌거를 달성했다.ch0309@thekpm.com
다른기사 보기",bs4:generic(div.article-body),1212,https://www.pinpointnews.co.kr/news/articleView.html?idxno=308230,2024.12.23.
17,2024-12-19,장호종 대전시 경제과학부시장은우주산업 현장의 현실적인 이해를 바탕으로 향후 지역우주기업과의 긴밀한 협력 체계 구축을 위한 발판을 마련을 위해 19일 국내우주스타트업 상장 1호 기업인 ㈜컨텍을 방문했다. 이날 간담회에는 ㈜컨텍이성희 대표와 안재봉 부대표를 포함한 주요 임원들이 참석한...,중도일보,"[사진 뉴스] ""지역우주기업 긴밀 협력""… 대전시,우주스타트업 상장...","뉴스
전체기사
기획/연재
운세
기획/연재
창간호 기획
펫챠
잊혀진 동굴을 찾아서
곽성열의 판깔아드립니다
스토리가 있는 대전·충남 대학 공간
대전의 아름다운 건축물 얼마나 아니?
대전 Y-zone 프로젝트
여기 찜했슈
대전 더하기
뉴스바나나
거기 그곳
[유난한 식탁] 저는 채식주의자입니다
REE-PORT:친환경 보고서
트렌드일기: MZ읽기
골목시장을 걷다
문화 in, 문화 人
뉴스포커스
중도초대석
여론을 리서치하다
검색에 없는 대전·충남
파워 충청, 판을 바꾸자
도시재생 리포트 2021
지속가능한 문화도시 프로젝트
세종에 살어리랏다
[오류동사진관]다시 보는 충청의 역사
미제사건, 그날의 기억속으로
데이터 in 충청
WHY이슈현장
기획
신천식의 이슈토론
창간70주년 기획
판소리의 원류는 충청도다
운세
오늘의 운세
오늘의 별자리
생년월일 운세
중도TV
전체기사
기획
시·도정소식
현장리포트
신천식의 이슈토론
박하림의 골프스튜디오
골린이 100일만에 필드보내기
박현경 골프아카데미
곽성열의 판깔아드립니다
정치/행정
보도자료
지방선거
대전충남 행정통합
대전
세종
충남/내포
지방의회
국회/정당
국정/외교
썰: 솔깃한 이야기
경제/과학
보도자료
중도 Plus
지역상권분석
지역경제
건설/부동산
금융/증권
유통/쇼핑
기업/CEO
취업/창업
대전정부청사
대덕특구
공사·공단
IT/과학
아파트Info
로또
4차 산업
사회/교육
보도자료
라이즈(RISE)
사건/사고
법원/검찰
교육/시험
노동/노사
환경/교통
미담
날씨
국방/안보
이슈&화제
건강/의료
문화
보도자료
공연/전시
영화/비디오
문화/출판
여성/생활
건강/의료
여행/축제
문화 일반
맛있는 여행
충남도정 회고록
박헌오의 시조 풍경
사람들
보도자료
인터뷰
새인물
인사
동정
알림
부고
뉴스
社告
결혼
내방
사회복지신문
실버라이프
바로잡습니다
오피니언
사설
독자 칼럼
독자위원회 & 독자위원 칼럼
사외칼럼
세상읽기
여론광장
교단만필
시사오디세이
세상보기
세상속으로
춘하추동
오늘과내일
풍경소리
프리즘국에서
우난순의 식탐
사이언스칼럼
월요논단
전문인칼럼
목요광장
홍석환의 3분 경영
문화人 칼럼
김선생의 시네레터
홍키호테 세창밀시
문예공론
장상현의 재미있는 고사성어
알기쉬운 금융상식
펫 Story
아침을 여는 명언 캘리
대전미술 아카이브
스포츠
보도자료
한화이글스
축구
e스포츠
농구
배구
골프
생활체육
야구종합/메이저리그
스포츠종합
엘리트체육
대전하나시티즌
드림인대전
전국
보도자료
수도권
부산/영남
광주/호남
강원
제주
충청
보도자료
천안시
아산시
공주시
보령시
서산시
당진시
논산시
계룡시
금산군
부여군
서천군
청양군
홍성군
예산군
태안군
충북
비주얼
카드뉴스
포토
인포그래픽
정치/행정
대전
[사진 뉴스] ""지역 우주기업 긴밀 협력""… 대전시, 우주 스타트업 상장 1호 ㈜컨텍 찾아
장호종 대전시 경제과학부시장 ㈜컨텍 방문
우주기업 글로벌 시장 진출 방안 현안 청취
승인 2024-12-19 16:58(사진= 대전시)
장호종 대전시 경제과학부시장은 우주산업 현장의 현실적인 이해를 바탕으로 향후 지역 우주기업과의 긴밀한 협력 체계 구축을 위한 발판을 마련을 위해 19일 국내 우주 스타트업 상장 1호 기업인 ㈜컨텍을 방문했다.
이날 간담회에는 ㈜컨텍 이성희 대표와 안재봉 부대표를 포함한 주요 임원들이 참석한 가운데, 우주산업 육성 방안과 우주산업 상호 협력 가능성 등을 논의했다.wldbs1206112@
중도일보(www.joongdo.co.kr), 
기자의 다른기사
보기
랭킹뉴스
대전교사노조, 교육감 후보들에 정책요구… 후보들 답변은?
손소리복지관 청각장애인·난청인 '소리 찾기' 지원사업 추진
[교단만필] 아이들의 함성, 세상을 깨우는 박동
[박헌오의 시조 풍경-14] 산동네 밭이랑
행복청, 2040 탄소중립 이끌 '전문가 자문단' 출범
[현장에서 만난 사람]김영수 한국사마천학회 이사장
굿네이버스 대전충북사업본부, 방글라데시 조혼예방 캠페인
세종시 조치원 A아파트 화재… 수습 국면 돌입
“아이가 먼저 구명조끼부터 챙겨요”…대전교육청 생존수영 교육 '눈길'
충남대병원 제25대 원장 복수경 교수 임명
헤드라인 뉴스
늘어나는 고령층 119 이송… 커지는 돌봄 공백
어버이날을 앞두고 가족 돌봄의 의미가 강조되는 가운데, 대전에서는 65세 이상 고령층의 119 구급 이송이 늘고 있는 것으로 나타났다. 치매환자 증가와 1인 가구 확대, 가족 돌봄의 한계가 맞물리면서 홀로 위기 상황을 맞는 노년층에 대한 지역사회 안전망 강화가 필요하다는 지적이 나온다. 대전소방본부에 따르면 2026년 2월부터 4월까지 65세 이상 구조·구급 병원 이송 건수는 모두 5278건으로, 2025년 같은 기간 4855건보다 423건 늘었다. 증가율은 8.7%다. 월별로도 증가 흐름이 뚜렷했다. 올해 2월 이송 건수는 164..
#10일 유권자의날
#청소년
#첫투표
[유권자의 날] “공약 이해하기 쉽지 않아”…첫 선거 마주한 18세
대전 반석고 3학년 황서연 양(18)은 이번 6·3 지방선거에서 생애 처음으로 '한 표'를 행사한다. 유권자가 된다는 사실은 설레지만, 막상 처음 마주한 지방선거는 기대보다 '어렵다'는 느낌낌이 먼저 든다는 것이 그의 설명이다. 황서연 양은 ""대통령선거나 총선은 뉴스나 SNS에서라도 자주 접하는데 지방선거는 후보도 많고 역할도 헷갈려 어렵게 느껴진다""며 ""누가 어떤 일을 하는 사람인지, 어떤 공약을 내는지 아직은 잘 모르겠다""고 말했다. 그는 아직 공약집을 자세히 읽어보진 않았지만 투표 전에는 후보와 정책을 꼭 비교해볼 생각이라고..
[유권자의 날] 지역 미래 결정할 청소년…지방선거는 여전히 어렵다
#생존수영교육
#대전교육청
“아이가 먼저 구명조끼부터 챙겨요”…대전교육청 생존수영 교육 '눈길'
학생들의 건강한 성장과 안전한 학교생활을 위한 체육교육의 역할이 중요해지고 있다. 이에 대전교육청은 학생들의 생명과 안전을 지키기 위한 실천형 안전교육을 진행해왔다. 특히 학생들은 생존수영 교육을 통해 물에 적응하고 생존 뜨기와 구조 요청 방법, 구명조끼 활용 등 실제 위험 상황에 필요한 대응력을 체험 중심으로 배우며 스스로 지키는 힘을 키우고 있다. 체육 전공을 희망하는 학생들의 사교육 부담을 줄이기 위한 방과후학교 프로그램도 최근 큰 호응을 얻고 있다. 올해 학교 유휴교실을 체육활동 공간으로 조성하는 '드림핏(Dream Fit)..
실시간 뉴스
5분전
농협 논산시지부·강경농협, 우리 농산물 소비촉진 캠페인 실시
12분전
전 세계 초능력 히어로 국립중앙과학관 집결… '비밀 신입 요원' 모집
1시간전
예산 곳곳 어버이날 행사 이어져…경로효친 의미 되새겨
2시간전
충주교육지원청, 장애·비장애 통합 체험 프로그램 운영
2시간전
음성소방서-한국고용정보원, 재난 대응 협약 체결
2시간전
음성중, 텃밭서 '우리 씨앗 지킴이' 환경교육 실시
3시간전
5차 석유 최고가격제 또 동결
4시간전
태안군, 반려동물 동반 '태안 댕댕 힐링캠프' 참가자 모집
4시간전
서산교육지원청, 교육장기 육상 꿈나무 선발대회 성황리에 개최
4시간전
서산문화재단, 전국 단위 문화예술 교류사업 최종 선정
4시간전
공주시노인종합복지관, 어버이날 맞아 ‘효사랑 국악한마당’ 호응
4시간전
국립공주대 RISE사업단, 소상공인 대상 AI 디지털 마케팅 교육 마무리
4시간전
공주 신풍면 화흥리, 새마을 지역공동체 공모사업 선정
4시간전
제주특별시, 주거편의서비스 제공기관 공모 실시
4시간전
제주특별자치도, 주거비 부담 완화 3만원 주택 2차 모집 시행
전체기사보기
아이콘
기획시리즈
클릭! e스포츠
이성희의 카메라
아파트info
문화이슈 ‘톡톡’
Biz & Money
중도초대석
대전하나시티즌
한화이글스
문화/출판
검색에 없는 대전충남史
지난 기획시리즈
정치
2024 총선_대전
2024 충청 총선
2024 총선_충북
2024 총선_세종
2024 총선_충남
6·1 지방선거
2022 대선
대전의 2030 선대위 누가 있나
[캠페인] 코로나19 극복 응원메시지
충청 총선
2020 총선열전
정치이슈
2017 19대 대통령선거
[19대] 대선주자 SNS
과학벨트
[19대] 대선주자 UCC
6·4 지방선거
제 18대 대통령선거
4·11 총선
후보자 동영상
미리보는 대전 시의회
2010 6·2 전국동시지방선거
2010 6·2 지방선거 출마의변
선택 6·2 지선 여론조사의 정치읽기
총선 당선자에게 듣는다
선택 4.9총선
총선주자 토크토크
선택 2007 大選
4.25 재보선
2차 남북정상회담
5·31 지방선거
6·5 재보선
4·15 총선
신천식의 이슈토론
여의도 SNS
4·13 총선
선택 6.2총선
尹 파면
6·3 대선
경제
조합장 당선인 인터뷰
자동차
생활의 지혜
신상품
[캠페인] 노벨상 응원메세지
빅데이터로 보는 상권분석
물가동향
장바구니 물가
인포그래픽으로 보는 세상
이코노미 줌 In의 부동산Q
세입자라면 꼭 알아두자
오늘의 대전 소셜커머스
알기쉬운 세무상식
주간증시전망
해외쇼핑
[캠페인] 코로나19 극복 응원메시지
이주의 경제키워드
사회
대전 착한 SNS 릴레이
NGO
충남학교신문
미래 핵심역량의 시대
해군 천안함 침몰
北 연평도 포격
4.29 도교육감 선거
12.17 시교육감 선거
당직병원안내
6.25 도교육감 선거
온라인 핫이슈
세계의 이슈
문화
힐링
사자성어는 삶의 이음매
맛있는 주말
우리말OX
펫 book
뉴스 스나이퍼
거기 그곳
알쓸신조
관상톡
실전육아 톡톡톡
슬기로운 육아생활
일반 뉴스
대중음악
오복만땅
만약에
시사용어의 원룸냥이
게임/웹툰
중국어교실
가요는 삶의 축
아침 山詩
일상탈출 우리동호회
백영주의 명화살롱
인생 사자성어
도시락(樂)
우난순의 필톡
우리문화를 아시나요
연예인실록
오완영시인의 時想 시경
주대환 교수의 생생 생활영어
금주의 핫클릭 5
궁금어사전
뜬금톡
이재복 박사의 한자세상
대한人
송교수의 우리말 이야기
뜬금포
글러벌 중도
이름으로 행복찾기
배워봅시다!
명의를 찾아서
작은콘서트 탁탁탁
즐겨요 충남
충정의 문화유산
종교/학술
김완기의 사진톡
맛있는 주말
오늘의 역사
돌까마귀의 둘레산길 돌아보기
문예공론
시민 추천 - 대덕구 맛집
시민 추천 - 서구 맛집
시민 추천 - 중구 맛집
시민 추천 - 동구 맛집
산이야기
시민 추천 - 유성구 맛집
우난순의 식탐
인포그래픽
주간운세
김용복의 우리말 우리글
카드로 보는 와인이야기
박스오피스
JD 주크박스
배워봅시다! 포슬린아트
맛수다
카드뉴스
배워봅시다! 줌바댄스
장상현의 재미있는 고사성어
오피니언
염홍철의 아침단상
문학박사 김우영의 문화산책
D-MZ:청년칼럼
스포츠돋보기
이홍기의 말씀수첩
우난순의 필톡
문화칼럼
톡톡헬스뷰티
중도칼럼
아침세상
발언대
한마디
최충식 경제통
최충식 칼럼
경찰의 눈
사이언스리뷰
행복시대
월요아침
미디어의 눈
시시각각
문화산책
논단
시론
NGO소리
중도춘추
경제포럼
청풍명월
열린마당
모닝갤러리
의창(醫窓)
시사에세이
시시각각
세설
포토스포츠
엔터테인먼트
데스크시각
포토월드
맥클로이교수의 생활영어
청풍명월
임연희의 커뮤니케이션
주역과 세상
조성남 칼럼
신목민학
여론광장
최경애교수의 생활영어
빵의문화 장미의문화
논어로 푸는 세상
장영우의 뜸부기
장영우의 중도카툰
절기이야기
백마강(연재소설)
손지혜의 아침창가
즐거운 잡학
이런책 저런얘기
김영수의 詩
아침 책갈피
夕佳軒이야기
고충처리인제도 2007 활동상황
나도 한마디
임청산 박사의 만화만상
삶이 있는 아침
중도의 눈
심판자(연재소설)
김우영의 우리말 산책
시로 여는 아침
천둥 사람들
최충식 칼럼

이름으로 행복찾기
이재복박사의 한자세상
우리문화를 아시나요
최경애교수의 생활영어
지영철의 렌즈속 세상
최충식 문화칼럼
오완영시인의 時想 시경
주대환 교수의 생생 생활영어
데스크칼럼
사람들
다문화 신문
휴먼
만나고 싶었습니다
캐릭터인터뷰
오늘의 소사
동네방네
생년월일 운세
주간운세
주간 별자리
오늘의 별자리
띠별 운세
오늘의 운세
별별 로또
기획연재
열려라 충청시대
2022 리포트 충청지대
리뉴얼 충청
코로나19 극복! 힘내라 대전!
대전기록프로젝트
부 동 산
박붕준의 방송 타임머신
해외여행 리뷰
특집
최민호 소설-아웃터넷
오늘의 중도일보
유통
자치현장을 찾아서
기 업
금융
재밌는 법률상식 Q&A
계룡로의 눈
이현장,이문제
피플
월요포커스
아줌마 전성시대
청춘예찬
여기는 대덕특구
세상은 요지경
금주의 행사
안치홍의 골프세상
[특집] 과학의날
세계 핫이슈
더불어 삶
이제는 바꿉시다
여행
백북스와 함께 읽는 책
이슈의 Rewind 현장
우리동네 부동산
충남, 내고향의 산
명품 강좌를 말한다
여성/종교
창간 61주년 특집
JD 모닝레터
NGO
2012 신년호 특집
중도 60년 희망 60인 인터뷰
창간 60주년 특집
자율ㆍ창의 학교 특색살리기
김프로의 골프119
궁금어 사전
바른품성 5운동의 성지순례 탐방기
족보 있는 도시 대전
조성남 주필의 스페인 문화산책
한방칼럼의 세상돋보기
나눔사회 캠페인 365일 36.5도
우리동네 주치의
재미있는 단위 이야기
지영철의 렌즈속 세상
돌까마귀의 둘레산길
창간 60주년 기획대담
알기쉬운 세무상식
日강진 쓰나미 대재앙
손지혜의 통통칼럼
[중도일보60주년]2011새해특집
충청의 올레길
친환경 농산물이 책임진다
2010 세계대백제전
녹색자금 지원사업 현장을 가다
가자!세계문화유산으로
[창간59주년]브랜드NEW충청
[6.25전쟁]끝나지 않은 이야기
당선자에게 듣는다
2010부동산 가이드
글로벌 브랜드로 키우자
중국속의 백제문화
대전개시60년 그현장 그모습
장인의 혼을 찾아서
사랑실은 바른 인성교육
금강리포트
[그린시티]시민 삶을 바꾼다
일본도요산책
[창간58주년]파워풀충청
김대중 前대통령 서거
北, 2차 핵실험
[특별기획]승리의 역사를 가다
노무현 前대통령 서거
2009안면도 국제 꽃박람회
지역현안 단체장에 듣는다
과학이 희망이다
2009부동산 가이드
그때그현장
금요 골프
산이야기
대전을 명품 평생학습도시로
충청현장 이슈
2009 다시뛰는 충청
열려라! 방과후 학교
세계로 가는 충남도
충남 글로벌 예절교육
나는야 논술 짱
English Class
캠퍼스라이프
서해안을 살리자[연중캠페인]
대전 방과후학교
대청호 8경을 찾아서
학교탐방
김명환의 가요세상
충청박물지
대전.충남 개발현장을 가다
교육/대학
계룡대
숭례문 화재
대한민국 교육 大計
서민경제 현장을 가다
선택 4.9총선
實用시대 충청이 바뀐다
주말Fan
와인이야기
학교탐방
2007 충청아젠다
함께사는 공동체대전을 명품도시로
내고장최고
충청아젠다53제
만화세상
깨끗한 대전가꾸기
추석특집
창간56주년
재테크
돼지해 부자됩시다
클린대전 힘모읍시다
2007대선 만인 여론조사
총체적 위기 대전시티즌
한미FTA시대
함께사는사회를만들자
충청경제[economy]
주말매거진[Weekend秀]
작가의 산실
신충청시대를 열자
新 문화도시를 만들자
경제인줌인
비만없는도시를 만들자
대전,이래서좋다
신대동여지도
해체되는 가족사회
6ㆍ5 재보선 누가 뛰나?
선거문화 달라진다
나의도전2004
내고장자랑
대전의 도시숲의 부동산Q
힘내라! 지역기업
우리동네 'Money 뭐니'의 핫베이스볼
학교특색살리기
일상탈출 우리동호회
맥클로이 교수 톡톡 생활영어
우리문화를 아시나요
경제플러스
충남의 산
중도 포커스
금주의 화제인물
신목민학
최충식의 안과 밖
자율창의 학교 특색살리기
월드컵이야기

추천기사
하반기 심의로 미뤄진 '행정수도특별법'… 통과 전략이 관건
대전 변동 배터리 저장소에서 화재… 50분만에 진화
정진석 후보 신청 철회… '탈당 불사' 김태흠, 충남지사 선거전 돌입
지역균형발전 담은 헌법 개정안, '반대' 내건 국힘 불참으로 무산
박수현 ""위대한 충남 만들 것""… 천안 독립기념관 참배
'농수산 식품·농촌 관광' 5월의 할인… 나도 누린다
동영상
응원 멈춘 K리그 경기장! 슬픔을 함께 하는 대전-전북 서포터 대전 화재 사고 희생자들에 대한 추모의 시간
스포츠
[S석 한컷]마사 삼촌 기다릴께요! 대전 어린이들의 감동 메시지
어린이날 대전 홈경기 가봤더니… 대전하나시티즌 vs 인천 유나이티드 직관 브이로그!
대전 하나 이순민, 부상 오래걸리지 않습니다 곧 복귀할게요
[드림인대전]'탁구 신동'에서 '한국 탁구의 희망'으로 동산중 이승수의 꿈은 현재 진행 중

5차 석유 최고가격제 또 동결
유성온천 문화축제 준비 ‘이상무’
‘공정선거 함께해요’
시민 눈높이 설치 불법 현수막 ‘위험천만’
인기뉴스
대전교사노조, 교육감 후보들에 정책요구… 후보들 답변은?
손소리복지관 청각장애인·난청인 '소리 찾기' 지원사업 추진
[교단만필] 아이들의 함성, 세상을 깨우는 박동
[박헌오의 시조 풍경-14] 산동네 밭이랑
행복청, 2040 탄소중립 이끌 '전문가 자문단' 출범",bs4:body_fallback,8060,https://www.joongdo.co.kr/web/view.php?key=20241219010006196,2024.12.19.
18,2024-12-19,"대전시는 장호종 경제과학부시장이 19일 국내우주스타트업 상장 1호 기업인 ㈜컨텍을 방문했다고 밝혔다. 이날 간담회엔 ㈜컨텍이성희 대표와 안재봉 부대표를 포함한 주요 임원들이 참석했으며,우주산업 육성 방안과우주산업 상호 협력 가능성 등을 논의했다. 시는 앞으로우주산업 현장의 현실적인...",충남일보,"[포토] 장호종 부시장, 국내우주스타트업 상장 1호 기업컨텍방문","이 기사를 공유합니다
페이스북(으)로 기사보내기
트위터(으)로 기사보내기
카카오스토리(으)로 기사보내기

네이버밴드(으)로 기사보내기
네이버블로그(으)로 기사보내기
핀터레스트(으)로 기사보내기
URL복사(으)로 기사보내기
닫기

댓글삭제
삭제한 댓글은 다시 복구할 수 없습니다.
그래도 삭제하시겠습니까?
비밀번호
삭제
닫기
기사 댓글
0
댓글 접기
로그인 후 이용 가능합니다.
댓글 내용입력
0
/ 400
비회원 로그인
이름
비밀번호
댓글 내용입력
0
/ 400
등록
댓글쓰기
계정을 선택하시면 로그인·계정인증을 통해
댓글을 남기실 수 있습니다.
회원 로그인
비회원 글쓰기
이름
비밀번호
자동등록방지
확인
취소
로그인 옵션 창닫기",bs4:generic(article),352,http://www.chungnamilbo.co.kr/news/articleView.html?idxno=805952,2024.12.19.
19,2024-12-19,"장호종 대전시 경제과학부시장은 19일 국내우주스타트업 상장 1호 기업인 ㈜컨텍을 방문했다. 이날 간담회에는 ㈜컨텍이성희 대표와 안재봉 부대표를 포함한 주요 임원들이 참석한 가운데,우주산업 육성 방안과우주산업 상호 협력 가능성 등을 논의했다. 대전시는 앞으로우주산업 현장의 현실적인 이해를...",신아일보,"장호종 대전시 경제과학부시장,우주스타트업 상장 1호 ㈜컨텍방문","장호종 대전시 경제과학부시장은 19일 국내 우주 스타트업 상장 1호 기업인 ㈜컨텍을 방문했다.
이날 간담회에는 ㈜컨텍 이성희 대표와 안재봉 부대표를 포함한 주요 임원들이 참석한 가운데, 우주산업 육성 방안과 우주산업 상호 협력 가능성 등을 논의했다.
대전시는 앞으로 우주산업 현장의 현실적인 이해를 바탕으로 향후 지역 우주기업과의 긴밀한 협력 체계 구축을 위한 발판을 마련할 계획이다.
[신아일보]taegyeong3975@shinailbo.co.kr이 기자가 작성한 다른 기사
전체보기
대전 노사민정 해외연수 '명단조작 의혹' 확산
포스코이앤씨, 대전 관저동 '더샵 관저아르테' 견본주택 개관
이장우 대전시장 ""일류경제도시 전환…글로벌 경제과학수도 도약""",bs4:generic(div.article-body),366,http://www.shinailbo.co.kr/news/articleView.html?idxno=1980221,2024.12.19.
