title,purified_body,rel_score,centrality_score,theme_penalty
컨텍이 속한우주항공과국방 관련주(네이버 증권)에는 빅텍 타임기술 퍼스텍 한화에어로스페이스  퍼스텍  탈로스 한국항공우주제노코  에이트원 하이즈항공 켄코아에오로스페이스  쎄트렉아이 퍼스텍  한화시스템 휴니드 빅텍 아이쓰리시스템우리기술 켄코아에오로스페이스 제노코컨텍탈로스가...,"우주 지상국 서비스 전문 기업 컨텍이 소형 위성 발사 증가에 따른 수혜를 입을 것이라는 전망이 나왔다. 한국IR협의회는 최근 보고서에서 컨텍의 2025년 연결 매출액이 959억원으로 전년 대비 67.3  증가하고, 영업이익은 흑자 전환할 것으로 예상했다. 이는 AP위성 인수 효과가 본격적으로 나타나면서 실적 개선이 기대되기 때문이다. 컨텍은 2015년 한국항공우주연구원에서 분사된 기업으로, 전 세계 12개국에 총 10개의 지상국을 보유하고 있다. 소형 위성 발사 시장이 성장함에 따라 위성 데이터 수신 및 처리 서비스에 대한 수요가 증가하고 있으며, 컨텍은 이러한 시장 변화에 발맞춰 지속적인 성장을 이어갈 것으로 전망된다. 한국IR협의회는  컨텍은 AP위성 인수를 통해 우주 밸류체인을 다변화하고, New Space 시대 소형 위성 산업 성장과 함께 동반 성장할 것으로 기대된다 고 밝혔다. 컨텍이 속한 우주항공과국방 관련주 네이버 증권 에는 빅텍 타임기술 퍼스텍 한화에어로스페이스  퍼스텍  탈로스 한국항공우주 제노코  에이트원 하이즈항공 켄코아에오로스페이스  쎄트렉아이 퍼스텍  한화시스템 휴니드 빅텍 아이쓰리시스템우리기술 켄코아에오로스페이스 제노코 컨텍 탈로스가 있다 
다른기사 보기",0.639934,0.30000000000000004,0.1
"또한 제주 구좌에는 제주 국가위성운영센터를 설립했고, 민간우주기업의 유치에도 적극적이다. 위성영상 수신, 처리 등을 하는 업체컨텍과 소형 위성발사체를 연구하는 페리지에어로스페이스 등 민간 기업들 역시 제주에 터를 잡았다. 제주뿐 아니라 전남, 경남, 대전 세 곳에우주항공 클러스터...","우주산업, 2040년엔 2조 7000억 달러 규모
지자체와 민간기업 결합, 이제 걸음마 떼
지상장비, 위성통신 분야 선점해 시장주도
지난 10월 하단 로켓 추진체 회수에 성공한 스페이스X에 대한 평가가 높아지는 가운데, 글로벌기업들의 민간우주산업 투자가 줄을 잇고 있다. 앞서 10월 13일 스페이스X는 자사의 발사체 스타쉽의 하단 추진체인  슈퍼헤비 를 발사 7분 후에 발사대로 안착하는 데 성공했다. 성장해가는 우주산업 규모, 우리는 얼마나 준비됐나? 글로벌 우주산업 컨설팅 회사인 유로컨설트에 따르면, 국제 우주산업시장의 규모는 2022년 기준 4,640억 달러 규모인 것으로 나타났다. 이중 위성방송통신과 내비게이션 등 상업고객을 대상으로 한 산업시장은 약 3,620억 달러 약 526조원  규모다. 우주산업시장의 성장규모는 매우 가파르다. 투자은행 모건스탠리는 우주산업 시장의 규모를 2030년 5900억 달러, 2040년에는 2조 7000억 달러 규모로 성장할 것으로 전망했다. 그렇다면 한국의 우주산업은 어느 정도 수준일까. 한국은 그동안 국가 주도로 우주산업을 육성해왔다. 우주발사체 기술을 국가차원에서 확보해야할 핵심기술로 인지해 개발에 집중했다. 이러한 제도적 바탕으로 1992년 인공위성 우리별1호를 시작으로, 자체 인공위성 개발에 성공한 바 있다. 또한 2000년대부터 자체 발사체 연구를 시작, 그 결실이 2022년 누리호 발사성공로 이어졌다. 이는 세계에서 10번째로 자력으로 인공위성과 발사체를 개발, 발사할 수 있는 나라가 된 것이다. 이러한 기술적 성과에도 아직 국내 민간우주산업에 참여하는 기업체는 매우 적다. 국내 우주산업분야의 시장 규모는 정부와 민간을 합쳐 1조 2000억원 규모에 불과하다. 정부는 2045년까지 글로벌 우주산업 시장 점유율을 10 로 끌어올린다는 계획이다. 정부는 공공부문 우주개발 투자액을 2021년 7300억원에서 2027년 1조 5,000억원 수준으로 늘릴 예정이다. 한국경제인협회에서 발간한  우주항공산업발전방안보고서 에서는 일본의 민간우주기금은 9조원이지만 국내 민간투자기금은 100억원대에 불과하다며 민간 우주산업에 대한 대대적인 투자가 있어야 한다고 강조한다. 지자체와 민간우주기업의 결합, 새로운 산업으로 성장할까? 이런 분위기 속에서 국내 민간우주기업과 지역자치단체 간 협업을 통해 민간우주산업의 활성화를 도모하는 모델도 나오고 있다. 제주특별자치도는 항공우주기업체의 유치에 열을 올려왔다. 한화시스템이 추진하는  우주분야로의 방위산업 확장 에 호응해 옛 탐라대학교 부지에 제주한화우주센터를 유치하고, 제주에서 저궤도 위성을 조립하고 시험하는 소형위성제조공장 설립을 계획 중이다. 또한 제주 구좌에는 제주 국가위성운영센터를 설립했고, 민간 우주기업의 유치에도 적극적이다. 위성영상 수신, 처리 등을 하는 업체 컨텍과 소형 위성발사체를 연구하는 페리지에어로스페이스 등 민간 기업들 역시 제주에 터를 잡았다. 제주뿐 아니라 전남, 경남, 대전 세 곳에 우주항공 클러스터 삼각체제를 구축한다는 계획도 발표됐다. 우주항공청은 2030년까지 3808억원을 투입해 전남 고흥 나로우주센터에 민간 우주발사체 발사를 위한 제반시설을 들이고 발사체기술사업화센터를 건립한다. 경남에는 민간이 개발한 위성을 우주와 비슷한 환경에서 시험할 수 있는 제반시설을 들인다. 또한 대전 KAIST 내에 우주기술혁신인재양성센터를 설립해 우주기술 핵심인재를 양성한다는 계획이다. 우주산업 육성, 선택과 집중 필요
우주산업의 발전으로 우주에 대한 패러다임도 달라지고 있고 있다. 과거 우주가 정부주도의 기술경쟁의 장이었다면, 현재의 우주는 민간주도의 새로운 산업분야로 인식된다. 민간 주도의 우주산업에서는 다양한 공급과 수요가 발생하기 마련이고, 이러한 우주산업의 공급망을 이해하고 빠르게 선점하는 것이 중요하다는 게 업계 관계자들의 이야기다. 우주항공산업 발전방안 보고서 에 따르면, 위성통신, 지상장비 제조분야는 전체 우주산업에서 70 의 비중을 차지한다. 보고서는 이 점을 들어, 모든 우주분야를 육성하는 것보다 우선적으로 선택과 집중이 필요하다고 말한다. 보고서 저자인 국민대학교 곽신웅 교수는  IT제조 강국의 역량을 바탕으로 단말기, 관제 수신 장비 등 지상장비 시장을 육성하고, 인공위성 제작 단가를 낮추는 생산기술 개발을 통해 시장규모가 큰 저궤도 위성통신 서비스에 주력해야 한다 고 강조했다. 본문
  400
비밀번호
수정
닫기
내 댓글 모음
닫기 다른기사 보기
Tag
키워드
 우주산업
 대우주시대
 발사체
 인공위성
 위성통신
 지상장비
 우주기술",0.62753874,0.15000000000000002,0.05
이성희 ㈜컨텍대표 ▲과기정통부 선정 국가전략기술을 보유하고 소형우주발사체 개발을 전문으로 하는 신동윤 ㈜페리지에어로스페이스 대표 등 4명이 수상했다.우주분야 관계자 수상자는 ▲우주산업클러스터 연구·인재개발 특화지구 사업기획에 참여하고우주기술혁신 인재양성센터 국비확보에 기여한...,"이전 기사보기
다음 기사보기
대전시, 우주산업 발전 유공자 8명 표창
기사스크랩하기
다른 공유 찾기
본문 글씨 키우기
본문 글씨 줄이기
스크롤 이동 상태바
대전시는 23일, 우주산업 유공자 8명을 선정해 포상했다. 사진 대전시 
 굿모닝충청   대전시는 23일 혁신적인 기술과 열정으로 지역 우주산업 발전과 우주산업 클러스터 조성에 기여한 유공자 8명을 선정해 포상했다. 포상자는 기업인 4명과 우주 분야 관계자 4명이며, 이들에게는 대전광역시장 표창이 수여됐다. 기업인 분야는  글로벌 위성전문기업으로 지역경제와 우주기술 발전에 크게 기여하고 있는 김이을  쎄트렉아이 대표  위성데이터 분석 소프트웨어 개발과 지구관측용 상용위성 개발 운용까지 세계시장 진출을 확장하고 있는 최명진  한컴인스페이스 대표  국내 우주스타트업 1호 상장기업이자 지상국 서비스 분야에서 글로벌 위상을 드높이고 있는 이성희  컨텍 대표  과기정통부 선정 국가전략기술을 보유하고 소형 우주발사체 개발을 전문으로 하는 신동윤  페리지에어로스페이스 대표 등 4명이 수상했다. 우주분야 관계자 수상자는  우주산업클러스터 연구 인재개발 특화지구 사업기획에 참여하고 우주기술혁신 인재양성센터 국비확보에 기여한 한재흥 KAIST 우주연구원장  우주광학분야 전문가로 우주기업 육성과 우주분야 학과 개설로 인재양성에 기여한 김건희 한밭대학교 우주국방연구소장   한남대 H 미니클러스터 출범으로 지역 우주산업 생태계 활성화에 기여한 유민호 한남대학교 위성활용연구센터 팀장  우주산업 혁신기반 조성사업을 통해 우주기업 성장을 밀착 지원하고 있는 김민성 대전테크노파크 대리 등 4명이 차지했다. 장호종 대전시 경제과학부시장은  대한민국을 넘어 세계로 뻗어가는 대전 우주기업이 자랑스럽다 라면서  대전이 국가 우주산업클러스터의 중심축으로 우뚝 서고 우주경제를 선도하는 글로벌 우주산업 중심도시로 도약하는 데 힘을 모아 함께 나아가자 라고 말했다. 키워드
 대전시
 우주산업
 김이을
 쎄트렉아이
 최명진
 한컴인스페이스
 컨텍
좋아요
1
훈훈해요
0
슬퍼요
0
화나요
0
후속기사 원해요
0
아쉬워요
0
공유하고 싶어요
0
댓글 내용입력
더보기
비밀번호
닫기
본문
  400
비밀번호
닫기
내 댓글 모음
닫기
위로
모바일버전
전체메뉴닫기",0.70064676,0.2,0.0
"기업인 분야 수상자는 글로벌 위성전문기업 쎄트렉아이 김이을 대표를 비롯해 위성데이터 분석 소프트웨어 개발 기업 한컴인스페이스의 최명진 대표, 국내우주스타트업 1호 상장기업인컨텍의 이성희 대표, 소형우주발사체 전문기업 페리지에어로스페이스의 신동윤 대표 등 4명이다.우주분야 관계자로는...","2024년 우주산업 발전 유공 포상식 진행
쎼트렉아이 한컴인스페이스 컨텍 페리지에어로스페어스 선정
우주분야 관계자 포상 수여 함께 이뤄져
대전시가 지역 우주산업 발전과 우주산업 클러스터 조성에 기여한 유공자 8명을 선정해 표창했다. 23일 시청에서 열린  2024년 우주산업 발전 유공 포상식 에서는 우수 기업인과 우주분야 관계자들이 대전시장 표창을 받았다. 기업인 분야 수상자는 글로벌 위성전문기업 쎄트렉아이 김이을 대표를 비롯해 위성데이터 분석 소프트웨어 개발 기업 한컴인스페이스의 최명진 대표, 국내 우주스타트업 1호 상장기업인 컨텍의 이성희 대표, 소형 우주발사체 전문기업 페리지에어로스페이스의 신동윤 대표 등 4명이다. 우주분야 관계자로는 한재흥 KAIST 우주연구원장이 우주산업클러스터 연구 인재개발 특화지구 사업기획과 우주기술혁신 인재양성센터 국비확보에 기여한 공로를 인정받았다. 또한 우주광학분야 전문가로 우주기업 육성과 우주분야 학과 개설로 인재양성에 기여한 김건희 한밭대 우주국방연구소장, 한남대 H 미니클러스터 출범으로 지역 우주산업 생태계 활성화에 기여한 유민호 한남대 위성활용연구센터 팀장, 우주기업 성장지원을 담당하는 김민성 대전테크노파크 대리가 수상의 영예를 안았다. 장호종 대전시 경제과학부시장은  대전이 국가 우주산업클러스터의 중심축으로 우뚝 서고 우주경제를 선도하는 글로벌 우주산업 중심도시로 도약하는 데 힘을 모아달라 고 당부했다. 아래는 우주산업 발전 유공자. 기업인
 김이을 쎄트렉아이 대표  최명진 한컴인스페이스 대표
 이성희 컨텍 대표  신동윤 페리지에어로스페이스 대표
 우주분야 관계자
 한재흥 KAIST 우주연구원장  김건희 한밭대 우주국방연구소장
 유민호 한남대 위성활용연구센터 팀장  김민성 대전테크노파크 대리 
딥테크 도시 대전을 널리 알리겠습니다.의 다른기사 보기",0.75097275,0.25,0.0
"기업인 분야는 김이을 ㈜쎄트렉아이 대표, 최명진 ㈜한컴인스페이스 대표, 이성희 ㈜컨텍대표, 신동윤 ㈜페리지에어로스페이스 대표 등이며우주분야는 한재흥 KAIST우주연구원장, 김건희 한밭대학교우주국방연구소장, 유민호 한남대학교 위성활용연구센터 팀장, 김민성 대전테크노파크 대리 등이다....","우주산업 발전 유공자 8명 표창
대전시는 23일 혁신적인 기술과 열정으로 지역 우주산업 발전과 우주산업 클러스터 조성에 기여한 유공자 8명을 포상했다. 이날 개최된 2024년 우주산업 발전 유공 포상식에서는 기업인 4명과 우주분야 관계자 4명이 대전시장 표창을 받았다. 기업인 분야는 김이을  쎄트렉아이 대표, 최명진  한컴인스페이스 대표, 이성희  컨텍 대표, 신동윤  페리지에어로스페이스 대표 등이며 우주분야는 한재흥 KAIST 우주연구원장, 김건희 한밭대학교 우주국방연구소장, 유민호 한남대학교 위성활용연구센터 팀장, 김민성 대전테크노파크 대리 등이다.",0.5786675,0.15000000000000002,0.0
"기업 분야에서는 김이을 ㈜쎄트렉아이 대표와 최명진 ㈜한컴인스페이스 대표, 이성희 ㈜컨텍대표, 신동윤 ㈜페리지에어로스페이스 대표 등 4명이 지역경제와우주기술 발전에 기여한 공으로 수상했다.우주분야 수상자는 한재흥 KAIST우주연구원장, 김건희 한밭대학교우주국방연구소장, 유민호 한남대학교...","대전 뉴시스 대전시는 23일 혁신적인 기술과 열정으로 지역 우주산업 발전과 우주산업 클러스터 조성에 기여한 유공자 8명을 포상했다. 23
 email protected 
 재판매 및 DB 금지
 대전 뉴시스   대전시는 23일 지역 우주산업 발전과 우주산업 클러스터 조성에 기여한 유공자 8명을 포상했다고 밝혔다. 이날 개최된 2024년 우주산업 발전 유공 포상식에서는 기업인 4명과 우주분야 관계자 4명이 대전광역시장 표창을 받았다. 기업 분야에서는 김이을  쎄트렉아이 대표와 최명진  한컴인스페이스 대표, 이성희  컨텍 대표, 신동윤  페리지에어로스페이스 대표 등 4명이 지역경제와 우주기술 발전에 기여한 공으로 수상했다. 우주분야 수상자는 한재흥 KAIST 우주연구원장, 김건희 한밭대학교 우주국방연구소장, 유민호 한남대학교 위성활용연구센터 팀장, 김민성 대전테크노파크 대리 등 4명이다. 장호종 대전시 경제과학부시장은  대전이 국가 우주산업클러스터의 중심축으로 우뚝 서고 우주경제를 선도하는 글로벌 우주산업 중심도시로 도약하는 데 힘을 모아 함께 나아가자 고 말했다.",0.58025956,0.15000000000000002,0.0
이성희 ㈜컨텍대표 △과기정통부 선정 국가전략기술을 보유하고 소형우주발사체 개발을 전문으로 하는 신동윤 ㈜페리지에어로스페이스 대표 등 4명이 수상했다.우주분야 관계자 수상자는우주산업클러스터 연구·인재개발 특화지구 사업기획에 참여하고우주기술혁신 인재양성센터 국비확보에 기여한...,"기업인 4명, 우주분야 관계자 4명 포상 수여 및 간담회
글로벌 우주산업 중심도시 도약 위해 협력 다짐
 대전 데일리한국  대전시는 23일 혁신적인 기술과 열정으로 지역 우주산업 발전과 우주산업 클러스터 조성에 기여한 유공자 8명을 포상했다. 이날 개최된 2024년 우주산업 발전 유공 포상식에서는 기업인 4명과 우주분야 관계자 4명이 대전광역시장 표창을 받았다. 기업인 분야는  글로벌 위성전문기업으로 지역경제와 우주기술 발전에 크게 기여하고 있는 김이을  쎄트렉아이 대표  위성데이터 분석 소프트웨어 개발과 지구관측용 상용위성 개발 운용까지 세계시장 진출을 확장하고 있는 최명진  한컴인스페이스 대표  국내 우주스타트업 1호 상장기업이자 지상국 서비스 분야에서 글로벌 위상을 드높이고 있는 이성희  컨텍 대표  과기정통부 선정 국가전략기술을 보유하고 소형 우주발사체 개발을 전문으로 하는 신동윤  페리지에어로스페이스 대표 등 4명이 수상했다. 우주분야 관계자 수상자는 우주산업클러스터 연구 인재개발 특화지구 사업기획에 참여하고 우주기술혁신 인재양성센터 국비확보에 기여한 한재흥 KAIST 우주연구원장, 우주광학분야 전문가로 우주기업 육성과 우주분야 학과 개설로 인재양성에 기여한 김건희 한밭대학교 우주국방연구소장,  한남대 H 미니클러스터 출범으로 지역 우주산업 생태계 활성화에 기여한 유민호 한남대 위성활용연구센터 팀장, 우주산업 혁신기반 조성사업을 통해 우주기업 성장을 밀착 지원하고 있는 김민성 대전테크노파크 대리 등 4명이 차지했다. 장호종 대전시 경제과학부시장은  대한민국을 넘어 세계로 뻗어가는 대전 우주기업이 자랑스럽다라면서  대전이 국가 우주산업클러스터의 중심축으로 우뚝 서고 우주경제를 선도하는 글로벌 우주산업 중심도시로 도약하는 데 힘을 모아 함께 나아가자 라고 말했다.다른 기사 보기
기사공유",0.66108215,0.15000000000000002,0.0
"장호종 대전시 경제과학부시장은 19일 국내우주스타트업 상장 1호 기업인 ㈜컨텍을 방문했다. 이날 간담회에는 ㈜컨텍이성희 대표와 안재봉 부대표를 포함한 주요 임원들이 참석한 가운데,우주산업 육성 방안과우주산업 상호 협력 가능성 등을 논의했다. 대전시는 앞으로우주산업 현장의 현실적인 이해를...","장호종 대전시 경제과학부시장은 19일 국내 우주 스타트업 상장 1호 기업인  컨텍을 방문했다. 이날 간담회에는  컨텍 이성희 대표와 안재봉 부대표를 포함한 주요 임원들이 참석한 가운데, 우주산업 육성 방안과 우주산업 상호 협력 가능성 등을 논의했다. 대전시는 앞으로 우주산업 현장의 현실적인 이해를 바탕으로 향후 지역 우주기업과의 긴밀한 협력 체계 구축을 위한 발판을 마련할 계획이다 
다른기사 보기

개의 댓글
작성자
비밀번호
댓글 내용입력
0
  400
등록
댓글 정렬
최신순
추천순
답글순
BEST댓글
BEST 댓글
답글과 추천수를 합산하여 자동으로 노출됩니다.",0.6533273,0.2,0.0
이성희 ㈜컨텍대표 △과기정통부 선정 국가전략기술을 보유하고 소형우주발사체 개발을 전문으로 하는 신동윤 ㈜페리지에어로스페이스 대표 등 4명이 수상했다.우주분야 관계자 수상자는 △우주산업클러스터 연구·인재개발 특화지구 사업기획에 참여하고우주기술혁신 인재양성센터 국비확보에 기여한...,"즐겨찾기추가
 
  
 
  
 
English
 
기사제보
 
자본시장
산업
부동산
중기벤처
정치사회
오피니언
아하!그렇군요
지역
AI 뉴스룸
금융
증권
재테크
경제
일반
보도자료
전체
자동차 운송
자동차소식
중화학
전자통신
인터넷 게임
생활
건강
교육
일반
보도자료
전체
정책
분양
재테크
기업
일반
보도자료
전체
기업탐방
컨택센터
업계교육소식
협단체뉴스
중기벤처일반
보도자료
전체
정치
사회
인사 부음 동정
보도자료수첩
칼럼
기고
보도자료
전체
기업심층해부
여의도25시
탐사보도
아하!그렇군요
생활경제 해피포인트
인사이드컷
보도자료
전체
정치
사회
경제
문화수첩
엔터테인먼트

공지
보도자료
전체
글자크기
 우주로 도약하는 대전  우주산업 발전 선도자 8인에 표창
기업 연구 분야 공로 인정  글로벌 우주산업 중심도시 도약 다짐   
 
 2024.12.23 16 12 38
 프라임경제  대전시는 23일 지역 우주산업 발전과 우주산업 클러스터 조성에 기여한 유공자 8명을 대상으로 포상식을 개최했다. 23일 지역 우주산업 발전과 우주산업 클러스터 조성에 기여한 유공자 8명을 대상으로 포상식을 개최 후 기념촬영을 하고 있다. 대전시
이번  2024년 우주산업 발전 유공 포상식 에서는 기업인 4명과 우주분야 관계자 4명이 대전광역시장 표창을 받으며, 대전 우주산업 발전에 헌신한 공로를 인정받았다. 기업인 분야는  글로벌 위성전문기업으로 지역경제와 우주기술 발전에 크게 기여하고 있는 김이을  쎄트렉아이 대표  위성데이터 분석 소프트웨어 개발과 지구관측용 상용위성 개발 운용까지 세계시장 진출을 확장하고 있는 최명진  한컴인스페이스 대표  국내 우주스타트업 1호 상장기업이자 지상국 서비스 분야에서 글로벌 위상을 드높이고 있는 이성희  컨텍 대표  과기정통부 선정 국가전략기술을 보유하고 소형 우주발사체 개발을 전문으로 하는 신동윤  페리지에어로스페이스 대표 등 4명이 수상했다. 우주분야 관계자 수상자는  우주산업클러스터 연구 인재개발 특화지구 사업기획에 참여하고 우주기술혁신 인재양성센터 국비확보에 기여한 한재흥 KAIST 우주연구원장  우주광학분야 전문가로 우주기업 육성과 우주분야 학과 개설로 인재양성에 기여한 김건희 한밭대학교 우주국방연구소장   한남대 H 미니클러스터 출범으로 지역 우주산업 생태계 활성화에 기여한 유민호 한남대학교 위성활용연구센터 팀장  우주산업 혁신기반 조성사업을 통해 우주기업 성장을 밀착 지원하고 있는 김민성 대전테크노파크 대리 등 4명이 차지했다. 장호종 대전시 경제과학부시장은  대전은 대한민국 우주산업의 중심축으로 자리 잡고 있다 며  세계로 뻗어가는 대전 우주기업과 함께 글로벌 우주산업 중심도시로 도약하기 위해 힘을 모아 나가자 고 밝혔다. 한편, 대전시는 이번 포상을 계기로 우주산업 클러스터 조성에 더욱 박차를 가하며, 지역 경제와 국가 경쟁력 강화에 기여할 방침이다 의 전체기사 보기
이 기사를 공유해보세요
  프라임경제 http   www.newsprime.co.kr  
많이 본 뉴스
인사이드컷
 포토   AI 공존  TCK  2026 인사이트 포럼 
 
 
더보기
회사소개
 
광고 제휴문의
 
찾아오시는길
 
이용약관
 
개인정보취급방침
 
이메일 무단수집거부
 
청소년보호정책
 
독자권익위원회
 
고객센터
 우  07333 서울시 영등포구 여의대방로67길 9  여의도동 44 33  두일빌딩3층   Tel   02 761 6114   Fax   02 761 6163
상호명    주 프라임경제  제호 프라임경제    회장   이승찬   발행인   이종엽   편집인   이 호   청소년보호관리책임자   정호수
인터넷신문 등록 No.서울,아00487 등록일자 2008년01월04일 발행일자 2005년10월01일

모바일 보기",0.57781863,0.15000000000000002,0.0
"이성희 ㈜컨텍대표, 과학기술정보통신부 선정 국가전략기술을 보유하고 소형우주발사체 개발을 전문으로 하는 신동윤 ㈜페리지에어로스페이스 대표가 수상했다.우주분야 관계자 수상은우주산업클러스터 연구·인재개발 특화지구 사업기획에 참여하고우주기술혁신 인재양성센터 국비확보에 기여한 한재흥...","충남일보  대전시는 23일 혁신적인 기술과 열정으로 지역 우주산업 발전과 우주산업클러스터 조성에 기여한 유공자 8명을 포상했다고 밝혔다. 시에 따르면 이날 포상식에선 기업인 4명과 우주분야 관계자 4명이 시장 표창을 받았다. 기업인 분야는 글로벌 위성전문기업으로 지역경제와 우주기술 발전에 크게 기여하고 있는 김이을  쎄트렉아이 대표, 위성데이터 분석 소프트웨어 개발과 지구관측용 상용위성 개발 운용까지 세계시장 진출을 확장하고 있는 최명진  한컴인스페이스 대표, 국내 우주스타트업 1호 상장기업이자 지상국 서비스 분야에서 글로벌 위상을 드높이고 있는 이성희  컨텍 대표, 과학기술정보통신부 선정 국가전략기술을 보유하고 소형 우주발사체 개발을 전문으로 하는 신동윤  페리지에어로스페이스 대표가 수상했다. 우주분야 관계자 수상은 우주산업클러스터 연구 인재개발 특화지구 사업기획에 참여하고 우주기술혁신 인재양성센터 국비확보에 기여한 한재흥 KAIST 우주연구원장, 우주광학분야 전문가로 우주기업 육성과 우주분야 학과 개설로 인재양성에 기여한 김건희 한밭대 우주국방연구소장, 한남대 H 미니클러스터 출범으로 지역 우주산업 생태계 활성화에 기여한 유민호 한남대 위성활용연구센터 팀장, 우주산업 혁신기반 조성사업을 통해 우주기업 성장을 밀착 지원하고 있는 김민성 대전테크노파크 대리가 차지했다. 장호종 경제과학부시장은  대한민국을 넘어 세계로 뻗어가는 대전 우주기업이 자랑스럽다 며  대전이 국가 우주산업클러스터의 중심축으로 우뚝 서고 우주경제를 선도하는 글로벌 우주산업 중심도시로 도약하는 데 힘을 모아 함께 나아가자 고 말했다.",0.6658418,0.15000000000000002,0.0
"기업인 분야는 글로벌 위성데이터 분석 소프트웨어 개발과 지구관측용 상용위성 개발·운용까지 세계시장 진출을 확장하고 있는 한컴인스페이스 최명진 대표와 위성전문기업 쎄트렉아이 김이을 대표, 국내우주스타트업 1호 상장기업컨텍이성희 대표, 소형우주발사체 개발 페리지에어로스페이스 신동윤...","전국
대전시, 최명진 한컴인스페이스 대표 등 지역 우주산업 발전 유공자 8명 표창
발행일   2024 12 23 15 00
공유하기
페이스북
X 트위터 
메일
URL 복사
글자크기 설정
가
작게
가
보통
가
크게
대전시가 23일 지역 우주산업 발전과 클러스터 조성에 기여한 유공자 8명을 포상했다. 이날 열린  2024년 우주산업 발전 유공 포상식 에서는 기업인 4명과 우주 분야 관계자 4명이 대전시장 표창을 받았다. 기업인 분야는 글로벌 위성데이터 분석 소프트웨어 개발과 지구관측용 상용위성 개발 운용까지 세계시장 진출을 확장하고 있는 한컴인스페이스 최명진 대표와 위성전문기업 쎄트렉아이 김이을 대표, 국내 우주스타트업 1호 상장기업 컨텍 이성희 대표, 소형 우주발사체 개발 페리지에어로스페이스 신동윤 대표 등 4명이 수상했다. 우주 분야 관계자 수상자는 KAIST 한재흥 우주연구원장, 한밭대 김건희 우주국방연구소장, 한남대 유민호 위성활용연구센터 팀장, 대전테크노파크 김민성 대리 등 4명이 차지했다. 장호종 대전시 경제과학부시장은  대한민국을 넘어 세계로 뻗어가는 대전 우주기업이 자랑스럽다?며  대전이 국가 우주산업클러스터 중심축으로 우뚝 서고 우주 경제를 선도하는 글로벌 우주산업 중심도시로 도약하는 데 힘을 모아 함께 나아가자 고 말했다.",0.6982688,0.15000000000000002,0.0
장호종 대전시 경제과학부시장은우주산업 현장의 현실적인 이해를 바탕으로 향후 지역우주기업과의 긴밀한 협력 체계 구축을 위한 발판을 마련을 위해 19일 국내우주스타트업 상장 1호 기업인 ㈜컨텍을 방문했다. 이날 간담회에는 ㈜컨텍이성희 대표와 안재봉 부대표를 포함한 주요 임원들이 참석한...,"대전 Y zone 프로젝트
여기 찜했슈
대전 더하기
뉴스바나나
거기 그곳
 유난한 식탁  저는 채식주의자입니다
REE PORT 친환경 보고서
트렌드일기  MZ읽기
골목시장을 걷다
문화 in, 문화  
뉴스포커스
중도초대석
여론을 리서치하다
검색에 없는 대전 충남
파워 충청, 판을 바꾸자
도시재생 리포트 2021
지속가능한 문화도시 프로젝트
세종에 살어리랏다
 오류동사진관 다시 보는 충청의 역사
미제사건, 그날의 기억속으로
데이터 in 충청
WHY이슈현장
기획
신천식의 이슈토론
창간70주년 기획
판소리의 원류는 충청도다
운세
오늘의 운세
오늘의 별자리
생년월일 운세
중도TV
전체기사
기획
시 도정소식
현장리포트
신천식의 이슈토론
박하림의 골프스튜디오
골린이 100일만에 필드보내기
박현경 골프아카데미
곽성열의 판깔아드립니다
정치 행정
보도자료
지방선거
대전충남 행정통합
대전
세종
충남 내포
지방의회
국회 정당
국정 외교
썰  솔깃한 이야기
경제 과학
보도자료
중도 Plus
지역상권분석
지역경제
건설 부동산
금융 증권
유통 쇼핑
기업 CEO
취업 창업
대전정부청사
대덕특구
공사 공단
IT 과학
아파트Info
로또
4차 산업
사회 교육
보도자료
라이즈 RISE 
사건 사고
법원 검찰
교육 시험
노동 노사
환경 교통
미담
날씨
국방 안보
이슈 화제
건강 의료
문화
보도자료
공연 전시
영화 비디오
문화 출판
여성 생활
건강 의료
여행 축제
문화 일반
맛있는 여행
충남도정 회고록
박헌오의 시조 풍경
사람들
보도자료
인터뷰
새인물
인사
동정
알림
부고
뉴스
  
결혼
내방
사회복지신문
실버라이프
바로잡습니다
오피니언
사설
독자 칼럼
독자위원회   독자위원 칼럼
사외칼럼
세상읽기
여론광장
교단만필
시사오디세이
세상보기
세상속으로
춘하추동
오늘과내일
풍경소리
프리즘국에서
우난순의 식탐
사이언스칼럼
월요논단
전문인칼럼
목요광장
홍석환의 3분 경영
문화  칼럼
김선생의 시네레터
홍키호테 세창밀시
문예공론
장상현의 재미있는 고사성어
알기쉬운 금융상식
펫 Story
아침을 여는 명언 캘리
대전미술 아카이브
스포츠
보도자료
한화이글스
축구
e스포츠
농구
배구
골프
생활체육
야구종합 메이저리그
스포츠종합
엘리트체육
대전하나시티즌
드림인대전
전국
보도자료
수도권
부산 영남
광주 호남
강원
제주
충청
보도자료
천안시
아산시
공주시
보령시
서산시
당진시
논산시
계룡시
금산군
부여군
서천군
청양군
홍성군
예산군
태안군
충북
비주얼
카드뉴스
포토
인포그래픽
정치 행정
대전
 사진 뉴스   지역 우주기업 긴밀 협력   대전시, 우주 스타트업 상장 1호  컨텍 찾아
장호종 대전시 경제과학부시장  컨텍 방문
우주기업 글로벌 시장 진출 방안 현안 청취
승인 2024 12 19 16 58 사진  대전시 
장호종 대전시 경제과학부시장은 우주산업 현장의 현실적인 이해를 바탕으로 향후 지역 우주기업과의 긴밀한 협력 체계 구축을 위한 발판을 마련을 위해 19일 국내 우주 스타트업 상장 1호 기업인  컨텍을 방문했다. 이날 간담회에는  컨텍 이성희 대표와 안재봉 부대표를 포함한 주요 임원들이 참석한 가운데, 우주산업 육성 방안과 우주산업 상호 협력 가능성 등을 논의했다.wldbs1206112 
중도일보 www.joongdo.co.kr , 
기자의 다른기사
보기
랭킹뉴스
대전교사노조, 교육감 후보들에 정책요구  후보들 답변은? e스포츠
이성희의 카메라
아파트info
문화이슈  톡톡 
Biz   Money
중도초대석
대전하나시티즌
한화이글스
문화 출판
검색에 없는 대전충남 
지난 기획시리즈
정치
2024 총선 대전
2024 충청 총선
2024 총선 충북
2024 총선 세종
2024 총선 충남
6 1 지방선거
2022 대선
대전의 2030 선대위 누가 있나
 캠페인  코로나19 극복 응원메시지
충청 총선
2020 총선열전
정치이슈
2017 19대 대통령선거
 19대  대선주자 SNS
과학벨트
 19대  대선주자 UCC
6 4 지방선거
제 18대 대통령선거
4 11 총선
후보자 동영상
미리보는 대전 시의회
2010 6 2 전국동시지방선거
2010 6 2 지방선거 출마의변
선택 6 2 지선 여론조사의 정치읽기
총선 당선자에게 듣는다
선택 4.9총선
총선주자 토크토크
선택 2007   
4.25 재보선
2차 남북정상회담
5 31 지방선거
6 5 재보선
4 15 총선
신천식의 이슈토론
여의도 SNS
4 13 총선
선택 6.2총선
  파면
6 3 대선
경제
조합장 당선인 인터뷰
자동차
생활의 지혜
신상품
 캠페인  노벨상 응원메세지
빅데이터로 보는 상권분석
물가동향
장바구니 물가
인포그래픽으로 보는 세상
이코노미 줌 In의 부동산Q
세입자라면 꼭 알아두자
오늘의 대전 소셜커머스
알기쉬운 세무상식
주간증시전망
해외쇼핑
 캠페인  코로나19 극복 응원메시지
이주의 경제키워드
사회
대전 착한 SNS 릴레이
NGO
충남학교신문
미래 핵심역량의 시대
해군 천안함 침몰
  연평도 포격
4.29 도교육감 선거
12.17 시교육감 선거
당직병원안내
6.25 도교육감 선거
온라인 핫이슈
세계의 이슈
문화
힐링
사자성어는 삶의 이음매
맛있는 주말
우리말OX
펫 book
뉴스 스나이퍼
거기 그곳
알쓸신조
관상톡
실전육아 톡톡톡
슬기로운 육아생활
일반 뉴스
대중음악
오복만땅
만약에
시사용어의 원룸냥이
게임 웹툰
중국어교실
가요는 삶의 축
아침   
일상탈출 우리동호회
백영주의 명화살롱
인생 사자성어
도시락   
우난순의 필톡
우리문화를 아시나요
연예인실록
오완영시인의    시경
주대환 교수의 생생 생활영어
금주의 핫클릭 5
궁금어사전
뜬금톡
이재복 박사의 한자세상
대한 
송교수의 우리말 이야기
뜬금포
글러벌 중도
이름으로 행복찾기
배워봅시다!",0.6513527,0.30000000000000004,0.0
"장호종 대전시 경제과학부시장은 19일 국내우주스타트업 상장 1호 기업인 ㈜컨텍을 방문했다. 이날 간담회에는 ㈜컨텍이성희 대표와 안재봉 부대표를 포함한 주요 임원들이 참석한 가운데,우주산업 육성 방안과우주산업 상호 협력 가능성 등을 논의했다. 대전시는 앞으로우주산업 현장의 현실적인 이해를...","장호종 대전시 경제과학부시장은 19일 국내 우주 스타트업 상장 1호 기업인  컨텍을 방문했다. 이날 간담회에는  컨텍 이성희 대표와 안재봉 부대표를 포함한 주요 임원들이 참석한 가운데, 우주산업 육성 방안과 우주산업 상호 협력 가능성 등을 논의했다. 대전시는 앞으로 우주산업 현장의 현실적인 이해를 바탕으로 향후 지역 우주기업과의 긴밀한 협력 체계 구축을 위한 발판을 마련할 계획이다.",0.63917565,0.2,0.0
